transaction_id,user_id,cohort_group,transaction_date,mrr_amount,event_type
TXN-1000-06,USER-1000,2025-06,2025-06-30,299.0,Standard Renewal
TXN-1000-07,USER-1000,2025-06,2025-07-30,299.0,Standard Renewal
TXN-1000-08,USER-1000,2025-06,2025-08-29,299.0,Standard Renewal
TXN-1000-09,USER-1000,2025-06,2025-09-28,299.0,Standard Renewal
TXN-1001-07,USER-1001,2025-07,2025-07-30,599.0,Standard Renewal
TXN-1001-08,USER-1001,2025-07,2025-08-29,599.0,Standard Renewal
TXN-1001-09,USER-1001,2025-07,2025-09-28,599.0,Standard Renewal
TXN-1001-10,USER-1001,2025-07,2025-10-28,599.0,Standard Renewal
TXN-1001-11,USER-1001,2025-07,2025-11-27,599.0,Standard Renewal
TXN-1002-02,USER-1002,2025-03,2025-03-02,999.0,Standard Renewal
TXN-1002-03,USER-1002,2025-03,2025-04-01,999.0,Standard Renewal
TXN-1003-08,USER-1003,2025-08,2025-08-29,599.0,Standard Renewal
TXN-1003-09,USER-1003,2025-08,2025-09-28,599.0,Standard Renewal
TXN-1003-10,USER-1003,2025-08,2025-10-28,599.0,Standard Renewal
TXN-1004-00,USER-1004,2025-01,2025-01-01,599.0,Standard Renewal
TXN-1004-01,USER-1004,2025-01,2025-01-31,599.0,Standard Renewal
TXN-1004-02,USER-1004,2025-01,2025-03-02,599.0,Standard Renewal
TXN-1004-03,USER-1004,2025-01,2025-04-01,599.0,Standard Renewal
TXN-1004-04,USER-1004,2025-01,2025-05-01,778.7,Tier Upgrade
TXN-1005-06,USER-1005,2025-06,2025-06-30,299.0,Standard Renewal
TXN-1005-07,USER-1005,2025-06,2025-07-30,299.0,Standard Renewal
TXN-1005-08,USER-1005,2025-06,2025-08-29,299.0,Standard Renewal
TXN-1005-09,USER-1005,2025-06,2025-09-28,299.0,Standard Renewal
TXN-1006-08,USER-1006,2025-08,2025-08-29,999.0,Standard Renewal
TXN-1007-02,USER-1007,2025-03,2025-03-02,299.0,Standard Renewal
TXN-1007-03,USER-1007,2025-03,2025-04-01,299.0,Standard Renewal
TXN-1007-04,USER-1007,2025-03,2025-05-01,299.0,Standard Renewal
TXN-1007-05,USER-1007,2025-03,2025-05-31,299.0,Standard Renewal
TXN-1007-06,USER-1007,2025-03,2025-06-30,299.0,Standard Renewal
TXN-1007-07,USER-1007,2025-03,2025-07-30,299.0,Standard Renewal
TXN-1007-08,USER-1007,2025-03,2025-08-29,299.0,Standard Renewal
TXN-1007-09,USER-1007,2025-03,2025-09-28,388.7,Tier Upgrade
TXN-1007-10,USER-1007,2025-03,2025-10-28,299.0,Standard Renewal
TXN-1008-06,USER-1008,2025-06,2025-06-30,699.3,Contraction
TXN-1008-07,USER-1008,2025-06,2025-07-30,699.3,Contraction
TXN-1008-08,USER-1008,2025-06,2025-08-29,999.0,Standard Renewal
TXN-1008-09,USER-1008,2025-06,2025-09-28,999.0,Standard Renewal
TXN-1008-10,USER-1008,2025-06,2025-10-28,999.0,Standard Renewal
TXN-1008-11,USER-1008,2025-06,2025-11-27,999.0,Standard Renewal
TXN-1009-06,USER-1009,2025-06,2025-06-30,999.0,Standard Renewal
TXN-1009-07,USER-1009,2025-06,2025-07-30,999.0,Standard Renewal
TXN-1009-08,USER-1009,2025-06,2025-08-29,999.0,Standard Renewal
TXN-1009-09,USER-1009,2025-06,2025-09-28,999.0,Standard Renewal
TXN-1009-10,USER-1009,2025-06,2025-10-28,999.0,Standard Renewal
TXN-1009-11,USER-1009,2025-06,2025-11-27,999.0,Standard Renewal
TXN-1011-08,USER-1011,2025-08,2025-08-29,999.0,Standard Renewal
TXN-1011-09,USER-1011,2025-08,2025-09-28,999.0,Standard Renewal
TXN-1011-10,USER-1011,2025-08,2025-10-28,1298.7,Tier Upgrade
TXN-1011-11,USER-1011,2025-08,2025-11-27,999.0,Standard Renewal
TXN-1012-08,USER-1012,2025-08,2025-08-29,299.0,Standard Renewal
TXN-1012-09,USER-1012,2025-08,2025-09-28,299.0,Standard Renewal
TXN-1012-10,USER-1012,2025-08,2025-10-28,388.7,Tier Upgrade
TXN-1012-11,USER-1012,2025-08,2025-11-27,388.7,Tier Upgrade
TXN-1013-11,USER-1013,2025-11,2025-11-27,599.0,Standard Renewal
TXN-1014-01,USER-1014,2025-01,2025-01-31,299.0,Standard Renewal
TXN-1014-02,USER-1014,2025-01,2025-03-02,299.0,Standard Renewal
TXN-1014-03,USER-1014,2025-01,2025-04-01,299.0,Standard Renewal
TXN-1014-04,USER-1014,2025-01,2025-05-01,299.0,Standard Renewal
TXN-1014-05,USER-1014,2025-01,2025-05-31,299.0,Standard Renewal
TXN-1015-00,USER-1015,2025-01,2025-01-01,299.0,Standard Renewal
TXN-1015-01,USER-1015,2025-01,2025-01-31,299.0,Standard Renewal
TXN-1016-02,USER-1016,2025-03,2025-03-02,999.0,Standard Renewal
TXN-1016-03,USER-1016,2025-03,2025-04-01,999.0,Standard Renewal
TXN-1016-04,USER-1016,2025-03,2025-05-01,999.0,Standard Renewal
TXN-1016-05,USER-1016,2025-03,2025-05-31,999.0,Standard Renewal
TXN-1016-06,USER-1016,2025-03,2025-06-30,999.0,Standard Renewal
TXN-1016-07,USER-1016,2025-03,2025-07-30,999.0,Standard Renewal
TXN-1016-08,USER-1016,2025-03,2025-08-29,999.0,Standard Renewal
TXN-1016-09,USER-1016,2025-03,2025-09-28,999.0,Standard Renewal
TXN-1017-11,USER-1017,2025-11,2025-11-27,299.0,Standard Renewal
TXN-1018-02,USER-1018,2025-03,2025-03-02,999.0,Standard Renewal
TXN-1018-03,USER-1018,2025-03,2025-04-01,999.0,Standard Renewal
TXN-1019-07,USER-1019,2025-07,2025-07-30,599.0,Standard Renewal
TXN-1019-08,USER-1019,2025-07,2025-08-29,778.7,Tier Upgrade
TXN-1019-09,USER-1019,2025-07,2025-09-28,599.0,Standard Renewal
TXN-1019-10,USER-1019,2025-07,2025-10-28,599.0,Standard Renewal
TXN-1019-11,USER-1019,2025-07,2025-11-27,599.0,Standard Renewal
TXN-1020-03,USER-1020,2025-04,2025-04-01,299.0,Standard Renewal
TXN-1020-04,USER-1020,2025-04,2025-05-01,299.0,Standard Renewal
TXN-1020-05,USER-1020,2025-04,2025-05-31,299.0,Standard Renewal
TXN-1020-06,USER-1020,2025-04,2025-06-30,299.0,Standard Renewal
TXN-1020-07,USER-1020,2025-04,2025-07-30,299.0,Standard Renewal
TXN-1020-08,USER-1020,2025-04,2025-08-29,299.0,Standard Renewal
TXN-1020-09,USER-1020,2025-04,2025-09-28,299.0,Standard Renewal
TXN-1020-10,USER-1020,2025-04,2025-10-28,299.0,Standard Renewal
TXN-1020-11,USER-1020,2025-04,2025-11-27,299.0,Standard Renewal
TXN-1021-11,USER-1021,2025-11,2025-11-27,299.0,Standard Renewal
TXN-1022-00,USER-1022,2025-01,2025-01-01,599.0,Standard Renewal
TXN-1023-07,USER-1023,2025-07,2025-07-30,388.7,Tier Upgrade
TXN-1023-08,USER-1023,2025-07,2025-08-29,299.0,Standard Renewal
TXN-1023-09,USER-1023,2025-07,2025-09-28,299.0,Standard Renewal
TXN-1023-10,USER-1023,2025-07,2025-10-28,299.0,Standard Renewal
TXN-1023-11,USER-1023,2025-07,2025-11-27,388.7,Tier Upgrade
TXN-1024-09,USER-1024,2025-09,2025-09-28,999.0,Standard Renewal
TXN-1024-10,USER-1024,2025-09,2025-10-28,999.0,Standard Renewal
TXN-1024-11,USER-1024,2025-09,2025-11-27,999.0,Standard Renewal
TXN-1025-00,USER-1025,2025-01,2025-01-01,299.0,Standard Renewal
TXN-1025-01,USER-1025,2025-01,2025-01-31,299.0,Standard Renewal
TXN-1025-02,USER-1025,2025-01,2025-03-02,299.0,Standard Renewal
TXN-1025-03,USER-1025,2025-01,2025-04-01,209.3,Contraction
TXN-1025-04,USER-1025,2025-01,2025-05-01,299.0,Standard Renewal
TXN-1026-11,USER-1026,2025-11,2025-11-27,999.0,Standard Renewal
TXN-1027-06,USER-1027,2025-06,2025-06-30,999.0,Standard Renewal
TXN-1027-07,USER-1027,2025-06,2025-07-30,999.0,Standard Renewal
TXN-1028-03,USER-1028,2025-04,2025-04-01,599.0,Standard Renewal
TXN-1028-04,USER-1028,2025-04,2025-05-01,599.0,Standard Renewal
TXN-1028-05,USER-1028,2025-04,2025-05-31,599.0,Standard Renewal
TXN-1029-03,USER-1029,2025-04,2025-04-01,599.0,Standard Renewal
TXN-1029-04,USER-1029,2025-04,2025-05-01,599.0,Standard Renewal
TXN-1029-05,USER-1029,2025-04,2025-05-31,599.0,Standard Renewal
TXN-1029-06,USER-1029,2025-04,2025-06-30,599.0,Standard Renewal
TXN-1030-04,USER-1030,2025-05,2025-05-01,599.0,Standard Renewal
TXN-1030-05,USER-1030,2025-05,2025-05-31,599.0,Standard Renewal
TXN-1030-06,USER-1030,2025-05,2025-06-30,599.0,Standard Renewal
TXN-1030-07,USER-1030,2025-05,2025-07-30,599.0,Standard Renewal
TXN-1030-08,USER-1030,2025-05,2025-08-29,599.0,Standard Renewal
TXN-1030-09,USER-1030,2025-05,2025-09-28,599.0,Standard Renewal
TXN-1030-10,USER-1030,2025-05,2025-10-28,599.0,Standard Renewal
TXN-1030-11,USER-1030,2025-05,2025-11-27,599.0,Standard Renewal
TXN-1031-02,USER-1031,2025-03,2025-03-02,299.0,Standard Renewal
TXN-1031-03,USER-1031,2025-03,2025-04-01,299.0,Standard Renewal
TXN-1031-04,USER-1031,2025-03,2025-05-01,299.0,Standard Renewal
TXN-1032-09,USER-1032,2025-09,2025-09-28,299.0,Standard Renewal
TXN-1032-10,USER-1032,2025-09,2025-10-28,299.0,Standard Renewal
TXN-1032-11,USER-1032,2025-09,2025-11-27,299.0,Standard Renewal
TXN-1033-09,USER-1033,2025-09,2025-09-28,599.0,Standard Renewal
TXN-1033-10,USER-1033,2025-09,2025-10-28,599.0,Standard Renewal
TXN-1033-11,USER-1033,2025-09,2025-11-27,778.7,Tier Upgrade
TXN-1034-11,USER-1034,2025-11,2025-11-27,999.0,Standard Renewal
TXN-1035-00,USER-1035,2025-01,2025-01-01,299.0,Standard Renewal
TXN-1035-01,USER-1035,2025-01,2025-01-31,299.0,Standard Renewal
TXN-1035-02,USER-1035,2025-01,2025-03-02,299.0,Standard Renewal
TXN-1035-03,USER-1035,2025-01,2025-04-01,299.0,Standard Renewal
TXN-1036-01,USER-1036,2025-01,2025-01-31,999.0,Standard Renewal
TXN-1036-02,USER-1036,2025-01,2025-03-02,999.0,Standard Renewal
TXN-1036-03,USER-1036,2025-01,2025-04-01,999.0,Standard Renewal
TXN-1036-04,USER-1036,2025-01,2025-05-01,999.0,Standard Renewal
TXN-1036-05,USER-1036,2025-01,2025-05-31,699.3,Contraction
TXN-1036-06,USER-1036,2025-01,2025-06-30,1298.7,Tier Upgrade
TXN-1036-07,USER-1036,2025-01,2025-07-30,999.0,Standard Renewal
TXN-1036-08,USER-1036,2025-01,2025-08-29,999.0,Standard Renewal
TXN-1036-09,USER-1036,2025-01,2025-09-28,999.0,Standard Renewal
TXN-1036-10,USER-1036,2025-01,2025-10-28,999.0,Standard Renewal
TXN-1036-11,USER-1036,2025-01,2025-11-27,999.0,Standard Renewal
TXN-1037-11,USER-1037,2025-11,2025-11-27,299.0,Standard Renewal
TXN-1038-00,USER-1038,2025-01,2025-01-01,299.0,Standard Renewal
TXN-1038-01,USER-1038,2025-01,2025-01-31,299.0,Standard Renewal
TXN-1039-08,USER-1039,2025-08,2025-08-29,1298.7,Tier Upgrade
TXN-1039-09,USER-1039,2025-08,2025-09-28,999.0,Standard Renewal
TXN-1039-10,USER-1039,2025-08,2025-10-28,999.0,Standard Renewal
TXN-1039-11,USER-1039,2025-08,2025-11-27,999.0,Standard Renewal
TXN-1040-10,USER-1040,2025-10,2025-10-28,299.0,Standard Renewal
TXN-1040-11,USER-1040,2025-10,2025-11-27,299.0,Standard Renewal
TXN-1041-06,USER-1041,2025-06,2025-06-30,599.0,Standard Renewal
TXN-1041-07,USER-1041,2025-06,2025-07-30,599.0,Standard Renewal
TXN-1041-08,USER-1041,2025-06,2025-08-29,599.0,Standard Renewal
TXN-1041-09,USER-1041,2025-06,2025-09-28,599.0,Standard Renewal
TXN-1042-07,USER-1042,2025-07,2025-07-30,599.0,Standard Renewal
TXN-1042-08,USER-1042,2025-07,2025-08-29,599.0,Standard Renewal
TXN-1042-09,USER-1042,2025-07,2025-09-28,599.0,Standard Renewal
TXN-1042-10,USER-1042,2025-07,2025-10-28,599.0,Standard Renewal
TXN-1042-11,USER-1042,2025-07,2025-11-27,599.0,Standard Renewal
TXN-1043-03,USER-1043,2025-04,2025-04-01,599.0,Standard Renewal
TXN-1043-04,USER-1043,2025-04,2025-05-01,599.0,Standard Renewal
TXN-1043-05,USER-1043,2025-04,2025-05-31,599.0,Standard Renewal
TXN-1043-06,USER-1043,2025-04,2025-06-30,599.0,Standard Renewal
TXN-1043-07,USER-1043,2025-04,2025-07-30,599.0,Standard Renewal
TXN-1043-08,USER-1043,2025-04,2025-08-29,599.0,Standard Renewal
TXN-1043-09,USER-1043,2025-04,2025-09-28,599.0,Standard Renewal
TXN-1044-08,USER-1044,2025-08,2025-08-29,999.0,Standard Renewal
TXN-1044-09,USER-1044,2025-08,2025-09-28,999.0,Standard Renewal
TXN-1044-10,USER-1044,2025-08,2025-10-28,999.0,Standard Renewal
TXN-1044-11,USER-1044,2025-08,2025-11-27,999.0,Standard Renewal
TXN-1045-04,USER-1045,2025-05,2025-05-01,999.0,Standard Renewal
TXN-1045-05,USER-1045,2025-05,2025-05-31,999.0,Standard Renewal
TXN-1045-06,USER-1045,2025-05,2025-06-30,999.0,Standard Renewal
TXN-1045-07,USER-1045,2025-05,2025-07-30,999.0,Standard Renewal
TXN-1045-08,USER-1045,2025-05,2025-08-29,999.0,Standard Renewal
TXN-1045-09,USER-1045,2025-05,2025-09-28,1298.7,Tier Upgrade
TXN-1046-05,USER-1046,2025-05,2025-05-31,299.0,Standard Renewal
TXN-1046-06,USER-1046,2025-05,2025-06-30,299.0,Standard Renewal
TXN-1046-07,USER-1046,2025-05,2025-07-30,388.7,Tier Upgrade
TXN-1046-08,USER-1046,2025-05,2025-08-29,299.0,Standard Renewal
TXN-1046-09,USER-1046,2025-05,2025-09-28,299.0,Standard Renewal
TXN-1046-10,USER-1046,2025-05,2025-10-28,299.0,Standard Renewal
TXN-1046-11,USER-1046,2025-05,2025-11-27,299.0,Standard Renewal
TXN-1047-05,USER-1047,2025-05,2025-05-31,599.0,Standard Renewal
TXN-1047-06,USER-1047,2025-05,2025-06-30,599.0,Standard Renewal
TXN-1047-07,USER-1047,2025-05,2025-07-30,599.0,Standard Renewal
TXN-1047-08,USER-1047,2025-05,2025-08-29,599.0,Standard Renewal
TXN-1047-09,USER-1047,2025-05,2025-09-28,778.7,Tier Upgrade
TXN-1047-10,USER-1047,2025-05,2025-10-28,599.0,Standard Renewal
TXN-1047-11,USER-1047,2025-05,2025-11-27,599.0,Standard Renewal
TXN-1048-00,USER-1048,2025-01,2025-01-01,299.0,Standard Renewal
TXN-1049-06,USER-1049,2025-06,2025-06-30,599.0,Standard Renewal
TXN-1049-07,USER-1049,2025-06,2025-07-30,599.0,Standard Renewal
TXN-1049-08,USER-1049,2025-06,2025-08-29,599.0,Standard Renewal
TXN-1049-09,USER-1049,2025-06,2025-09-28,599.0,Standard Renewal
TXN-1049-10,USER-1049,2025-06,2025-10-28,599.0,Standard Renewal
TXN-1049-11,USER-1049,2025-06,2025-11-27,599.0,Standard Renewal
TXN-1050-00,USER-1050,2025-01,2025-01-01,299.0,Standard Renewal
TXN-1051-09,USER-1051,2025-09,2025-09-28,599.0,Standard Renewal
TXN-1051-10,USER-1051,2025-09,2025-10-28,778.7,Tier Upgrade
TXN-1051-11,USER-1051,2025-09,2025-11-27,599.0,Standard Renewal
TXN-1052-00,USER-1052,2025-01,2025-01-01,999.0,Standard Renewal
TXN-1052-01,USER-1052,2025-01,2025-01-31,999.0,Standard Renewal
TXN-1052-02,USER-1052,2025-01,2025-03-02,699.3,Contraction
TXN-1052-03,USER-1052,2025-01,2025-04-01,999.0,Standard Renewal
TXN-1052-04,USER-1052,2025-01,2025-05-01,999.0,Standard Renewal
TXN-1052-05,USER-1052,2025-01,2025-05-31,999.0,Standard Renewal
TXN-1052-06,USER-1052,2025-01,2025-06-30,999.0,Standard Renewal
TXN-1052-07,USER-1052,2025-01,2025-07-30,999.0,Standard Renewal
TXN-1052-08,USER-1052,2025-01,2025-08-29,1298.7,Tier Upgrade
TXN-1052-09,USER-1052,2025-01,2025-09-28,1298.7,Tier Upgrade
TXN-1052-10,USER-1052,2025-01,2025-10-28,999.0,Standard Renewal
TXN-1052-11,USER-1052,2025-01,2025-11-27,1298.7,Tier Upgrade
TXN-1053-04,USER-1053,2025-05,2025-05-01,599.0,Standard Renewal
TXN-1053-05,USER-1053,2025-05,2025-05-31,599.0,Standard Renewal
TXN-1053-06,USER-1053,2025-05,2025-06-30,599.0,Standard Renewal
TXN-1053-07,USER-1053,2025-05,2025-07-30,599.0,Standard Renewal
TXN-1053-08,USER-1053,2025-05,2025-08-29,599.0,Standard Renewal
TXN-1053-09,USER-1053,2025-05,2025-09-28,599.0,Standard Renewal
TXN-1053-10,USER-1053,2025-05,2025-10-28,599.0,Standard Renewal
TXN-1053-11,USER-1053,2025-05,2025-11-27,599.0,Standard Renewal
TXN-1054-04,USER-1054,2025-05,2025-05-01,599.0,Standard Renewal
TXN-1054-05,USER-1054,2025-05,2025-05-31,599.0,Standard Renewal
TXN-1054-06,USER-1054,2025-05,2025-06-30,599.0,Standard Renewal
TXN-1054-07,USER-1054,2025-05,2025-07-30,599.0,Standard Renewal
TXN-1055-08,USER-1055,2025-08,2025-08-29,999.0,Standard Renewal
TXN-1055-09,USER-1055,2025-08,2025-09-28,999.0,Standard Renewal
TXN-1055-10,USER-1055,2025-08,2025-10-28,999.0,Standard Renewal
TXN-1055-11,USER-1055,2025-08,2025-11-27,999.0,Standard Renewal
TXN-1056-07,USER-1056,2025-07,2025-07-30,599.0,Standard Renewal
TXN-1056-08,USER-1056,2025-07,2025-08-29,599.0,Standard Renewal
TXN-1056-09,USER-1056,2025-07,2025-09-28,599.0,Standard Renewal
TXN-1056-10,USER-1056,2025-07,2025-10-28,599.0,Standard Renewal
TXN-1056-11,USER-1056,2025-07,2025-11-27,419.3,Contraction
TXN-1057-01,USER-1057,2025-01,2025-01-31,599.0,Standard Renewal
TXN-1057-02,USER-1057,2025-01,2025-03-02,599.0,Standard Renewal
TXN-1057-03,USER-1057,2025-01,2025-04-01,599.0,Standard Renewal
TXN-1057-04,USER-1057,2025-01,2025-05-01,599.0,Standard Renewal
TXN-1057-05,USER-1057,2025-01,2025-05-31,599.0,Standard Renewal
TXN-1057-06,USER-1057,2025-01,2025-06-30,599.0,Standard Renewal
TXN-1057-07,USER-1057,2025-01,2025-07-30,599.0,Standard Renewal
TXN-1057-08,USER-1057,2025-01,2025-08-29,599.0,Standard Renewal
TXN-1057-09,USER-1057,2025-01,2025-09-28,599.0,Standard Renewal
TXN-1057-10,USER-1057,2025-01,2025-10-28,599.0,Standard Renewal
TXN-1057-11,USER-1057,2025-01,2025-11-27,599.0,Standard Renewal
TXN-1058-01,USER-1058,2025-01,2025-01-31,999.0,Standard Renewal
TXN-1058-02,USER-1058,2025-01,2025-03-02,999.0,Standard Renewal
TXN-1058-03,USER-1058,2025-01,2025-04-01,999.0,Standard Renewal
TXN-1058-04,USER-1058,2025-01,2025-05-01,999.0,Standard Renewal
TXN-1058-05,USER-1058,2025-01,2025-05-31,999.0,Standard Renewal
TXN-1058-06,USER-1058,2025-01,2025-06-30,999.0,Standard Renewal
TXN-1058-07,USER-1058,2025-01,2025-07-30,999.0,Standard Renewal
TXN-1058-08,USER-1058,2025-01,2025-08-29,999.0,Standard Renewal
TXN-1058-09,USER-1058,2025-01,2025-09-28,1298.7,Tier Upgrade
TXN-1058-10,USER-1058,2025-01,2025-10-28,999.0,Standard Renewal
TXN-1058-11,USER-1058,2025-01,2025-11-27,999.0,Standard Renewal
TXN-1059-02,USER-1059,2025-03,2025-03-02,599.0,Standard Renewal
TXN-1059-03,USER-1059,2025-03,2025-04-01,599.0,Standard Renewal
TXN-1059-04,USER-1059,2025-03,2025-05-01,599.0,Standard Renewal
TXN-1059-05,USER-1059,2025-03,2025-05-31,599.0,Standard Renewal
TXN-1059-06,USER-1059,2025-03,2025-06-30,599.0,Standard Renewal
TXN-1059-07,USER-1059,2025-03,2025-07-30,599.0,Standard Renewal
TXN-1059-08,USER-1059,2025-03,2025-08-29,599.0,Standard Renewal
TXN-1059-09,USER-1059,2025-03,2025-09-28,599.0,Standard Renewal
TXN-1060-01,USER-1060,2025-01,2025-01-31,599.0,Standard Renewal
TXN-1060-02,USER-1060,2025-01,2025-03-02,599.0,Standard Renewal
TXN-1060-03,USER-1060,2025-01,2025-04-01,419.3,Contraction
TXN-1060-04,USER-1060,2025-01,2025-05-01,599.0,Standard Renewal
TXN-1060-05,USER-1060,2025-01,2025-05-31,599.0,Standard Renewal
TXN-1061-04,USER-1061,2025-05,2025-05-01,778.7,Tier Upgrade
TXN-1061-05,USER-1061,2025-05,2025-05-31,599.0,Standard Renewal
TXN-1061-06,USER-1061,2025-05,2025-06-30,778.7,Tier Upgrade
TXN-1061-07,USER-1061,2025-05,2025-07-30,599.0,Standard Renewal
TXN-1061-08,USER-1061,2025-05,2025-08-29,599.0,Standard Renewal
TXN-1061-09,USER-1061,2025-05,2025-09-28,599.0,Standard Renewal
TXN-1061-10,USER-1061,2025-05,2025-10-28,599.0,Standard Renewal
TXN-1062-09,USER-1062,2025-09,2025-09-28,599.0,Standard Renewal
TXN-1062-10,USER-1062,2025-09,2025-10-28,599.0,Standard Renewal
TXN-1062-11,USER-1062,2025-09,2025-11-27,599.0,Standard Renewal
TXN-1063-05,USER-1063,2025-05,2025-05-31,299.0,Standard Renewal
TXN-1063-06,USER-1063,2025-05,2025-06-30,299.0,Standard Renewal
TXN-1063-07,USER-1063,2025-05,2025-07-30,299.0,Standard Renewal
TXN-1063-08,USER-1063,2025-05,2025-08-29,299.0,Standard Renewal
TXN-1063-09,USER-1063,2025-05,2025-09-28,299.0,Standard Renewal
TXN-1063-10,USER-1063,2025-05,2025-10-28,299.0,Standard Renewal
TXN-1063-11,USER-1063,2025-05,2025-11-27,299.0,Standard Renewal
TXN-1064-03,USER-1064,2025-04,2025-04-01,599.0,Standard Renewal
TXN-1064-04,USER-1064,2025-04,2025-05-01,599.0,Standard Renewal
TXN-1064-05,USER-1064,2025-04,2025-05-31,419.3,Contraction
TXN-1064-06,USER-1064,2025-04,2025-06-30,599.0,Standard Renewal
TXN-1064-07,USER-1064,2025-04,2025-07-30,599.0,Standard Renewal
TXN-1064-08,USER-1064,2025-04,2025-08-29,599.0,Standard Renewal
TXN-1064-09,USER-1064,2025-04,2025-09-28,599.0,Standard Renewal
TXN-1064-10,USER-1064,2025-04,2025-10-28,599.0,Standard Renewal
TXN-1065-03,USER-1065,2025-04,2025-04-01,299.0,Standard Renewal
TXN-1065-04,USER-1065,2025-04,2025-05-01,299.0,Standard Renewal
TXN-1065-05,USER-1065,2025-04,2025-05-31,299.0,Standard Renewal
TXN-1065-06,USER-1065,2025-04,2025-06-30,299.0,Standard Renewal
TXN-1065-07,USER-1065,2025-04,2025-07-30,299.0,Standard Renewal
TXN-1065-08,USER-1065,2025-04,2025-08-29,299.0,Standard Renewal
TXN-1065-09,USER-1065,2025-04,2025-09-28,299.0,Standard Renewal
TXN-1065-10,USER-1065,2025-04,2025-10-28,209.3,Contraction
TXN-1065-11,USER-1065,2025-04,2025-11-27,388.7,Tier Upgrade
TXN-1066-03,USER-1066,2025-04,2025-04-01,299.0,Standard Renewal
TXN-1066-04,USER-1066,2025-04,2025-05-01,299.0,Standard Renewal
TXN-1066-05,USER-1066,2025-04,2025-05-31,299.0,Standard Renewal
TXN-1066-06,USER-1066,2025-04,2025-06-30,388.7,Tier Upgrade
TXN-1066-07,USER-1066,2025-04,2025-07-30,299.0,Standard Renewal
TXN-1066-08,USER-1066,2025-04,2025-08-29,299.0,Standard Renewal
TXN-1067-08,USER-1067,2025-08,2025-08-29,299.0,Standard Renewal
TXN-1067-09,USER-1067,2025-08,2025-09-28,299.0,Standard Renewal
TXN-1067-10,USER-1067,2025-08,2025-10-28,299.0,Standard Renewal
TXN-1068-08,USER-1068,2025-08,2025-08-29,999.0,Standard Renewal
TXN-1068-09,USER-1068,2025-08,2025-09-28,999.0,Standard Renewal
TXN-1068-10,USER-1068,2025-08,2025-10-28,999.0,Standard Renewal
TXN-1068-11,USER-1068,2025-08,2025-11-27,999.0,Standard Renewal
TXN-1069-02,USER-1069,2025-03,2025-03-02,599.0,Standard Renewal
TXN-1069-03,USER-1069,2025-03,2025-04-01,599.0,Standard Renewal
TXN-1069-04,USER-1069,2025-03,2025-05-01,599.0,Standard Renewal
TXN-1070-04,USER-1070,2025-05,2025-05-01,299.0,Standard Renewal
TXN-1070-05,USER-1070,2025-05,2025-05-31,299.0,Standard Renewal
TXN-1070-06,USER-1070,2025-05,2025-06-30,299.0,Standard Renewal
TXN-1070-07,USER-1070,2025-05,2025-07-30,299.0,Standard Renewal
TXN-1070-08,USER-1070,2025-05,2025-08-29,299.0,Standard Renewal
TXN-1070-09,USER-1070,2025-05,2025-09-28,299.0,Standard Renewal
TXN-1070-10,USER-1070,2025-05,2025-10-28,209.3,Contraction
TXN-1070-11,USER-1070,2025-05,2025-11-27,299.0,Standard Renewal
TXN-1071-01,USER-1071,2025-01,2025-01-31,299.0,Standard Renewal
TXN-1071-02,USER-1071,2025-01,2025-03-02,299.0,Standard Renewal
TXN-1071-03,USER-1071,2025-01,2025-04-01,299.0,Standard Renewal
TXN-1071-04,USER-1071,2025-01,2025-05-01,299.0,Standard Renewal
TXN-1071-05,USER-1071,2025-01,2025-05-31,299.0,Standard Renewal
TXN-1071-06,USER-1071,2025-01,2025-06-30,299.0,Standard Renewal
TXN-1071-07,USER-1071,2025-01,2025-07-30,209.3,Contraction
TXN-1073-06,USER-1073,2025-06,2025-06-30,699.3,Contraction
TXN-1073-07,USER-1073,2025-06,2025-07-30,999.0,Standard Renewal
TXN-1073-08,USER-1073,2025-06,2025-08-29,999.0,Standard Renewal
TXN-1073-09,USER-1073,2025-06,2025-09-28,999.0,Standard Renewal
TXN-1073-10,USER-1073,2025-06,2025-10-28,999.0,Standard Renewal
TXN-1073-11,USER-1073,2025-06,2025-11-27,999.0,Standard Renewal
TXN-1074-03,USER-1074,2025-04,2025-04-01,299.0,Standard Renewal
TXN-1074-04,USER-1074,2025-04,2025-05-01,299.0,Standard Renewal
TXN-1074-05,USER-1074,2025-04,2025-05-31,299.0,Standard Renewal
TXN-1074-06,USER-1074,2025-04,2025-06-30,299.0,Standard Renewal
TXN-1074-07,USER-1074,2025-04,2025-07-30,299.0,Standard Renewal
TXN-1074-08,USER-1074,2025-04,2025-08-29,299.0,Standard Renewal
TXN-1074-09,USER-1074,2025-04,2025-09-28,299.0,Standard Renewal
TXN-1074-10,USER-1074,2025-04,2025-10-28,209.3,Contraction
TXN-1074-11,USER-1074,2025-04,2025-11-27,299.0,Standard Renewal
TXN-1075-08,USER-1075,2025-08,2025-08-29,778.7,Tier Upgrade
TXN-1075-09,USER-1075,2025-08,2025-09-28,599.0,Standard Renewal
TXN-1075-10,USER-1075,2025-08,2025-10-28,778.7,Tier Upgrade
TXN-1075-11,USER-1075,2025-08,2025-11-27,599.0,Standard Renewal
TXN-1076-01,USER-1076,2025-01,2025-01-31,999.0,Standard Renewal
TXN-1076-02,USER-1076,2025-01,2025-03-02,999.0,Standard Renewal
TXN-1076-03,USER-1076,2025-01,2025-04-01,999.0,Standard Renewal
TXN-1076-04,USER-1076,2025-01,2025-05-01,999.0,Standard Renewal
TXN-1076-05,USER-1076,2025-01,2025-05-31,999.0,Standard Renewal
TXN-1076-06,USER-1076,2025-01,2025-06-30,999.0,Standard Renewal
TXN-1076-07,USER-1076,2025-01,2025-07-30,999.0,Standard Renewal
TXN-1077-04,USER-1077,2025-05,2025-05-01,299.0,Standard Renewal
TXN-1077-05,USER-1077,2025-05,2025-05-31,299.0,Standard Renewal
TXN-1077-06,USER-1077,2025-05,2025-06-30,299.0,Standard Renewal
TXN-1077-07,USER-1077,2025-05,2025-07-30,299.0,Standard Renewal
TXN-1077-08,USER-1077,2025-05,2025-08-29,299.0,Standard Renewal
TXN-1077-09,USER-1077,2025-05,2025-09-28,299.0,Standard Renewal
TXN-1077-10,USER-1077,2025-05,2025-10-28,299.0,Standard Renewal
TXN-1077-11,USER-1077,2025-05,2025-11-27,388.7,Tier Upgrade
TXN-1078-00,USER-1078,2025-01,2025-01-01,999.0,Standard Renewal
TXN-1078-01,USER-1078,2025-01,2025-01-31,999.0,Standard Renewal
TXN-1078-02,USER-1078,2025-01,2025-03-02,999.0,Standard Renewal
TXN-1078-03,USER-1078,2025-01,2025-04-01,1298.7,Tier Upgrade
TXN-1078-04,USER-1078,2025-01,2025-05-01,1298.7,Tier Upgrade
TXN-1078-05,USER-1078,2025-01,2025-05-31,999.0,Standard Renewal
TXN-1078-06,USER-1078,2025-01,2025-06-30,999.0,Standard Renewal
TXN-1078-07,USER-1078,2025-01,2025-07-30,999.0,Standard Renewal
TXN-1078-08,USER-1078,2025-01,2025-08-29,1298.7,Tier Upgrade
TXN-1078-09,USER-1078,2025-01,2025-09-28,999.0,Standard Renewal
TXN-1078-10,USER-1078,2025-01,2025-10-28,999.0,Standard Renewal
TXN-1078-11,USER-1078,2025-01,2025-11-27,999.0,Standard Renewal
TXN-1079-10,USER-1079,2025-10,2025-10-28,599.0,Standard Renewal
TXN-1080-02,USER-1080,2025-03,2025-03-02,599.0,Standard Renewal
TXN-1080-03,USER-1080,2025-03,2025-04-01,778.7,Tier Upgrade
TXN-1080-04,USER-1080,2025-03,2025-05-01,599.0,Standard Renewal
TXN-1080-05,USER-1080,2025-03,2025-05-31,599.0,Standard Renewal
TXN-1080-06,USER-1080,2025-03,2025-06-30,599.0,Standard Renewal
TXN-1080-07,USER-1080,2025-03,2025-07-30,599.0,Standard Renewal
TXN-1080-08,USER-1080,2025-03,2025-08-29,599.0,Standard Renewal
TXN-1080-09,USER-1080,2025-03,2025-09-28,599.0,Standard Renewal
TXN-1080-10,USER-1080,2025-03,2025-10-28,599.0,Standard Renewal
TXN-1081-09,USER-1081,2025-09,2025-09-28,1298.7,Tier Upgrade
TXN-1081-10,USER-1081,2025-09,2025-10-28,999.0,Standard Renewal
TXN-1081-11,USER-1081,2025-09,2025-11-27,999.0,Standard Renewal
TXN-1082-06,USER-1082,2025-06,2025-06-30,299.0,Standard Renewal
TXN-1082-07,USER-1082,2025-06,2025-07-30,299.0,Standard Renewal
TXN-1082-08,USER-1082,2025-06,2025-08-29,299.0,Standard Renewal
TXN-1082-09,USER-1082,2025-06,2025-09-28,299.0,Standard Renewal
TXN-1082-10,USER-1082,2025-06,2025-10-28,299.0,Standard Renewal
TXN-1082-11,USER-1082,2025-06,2025-11-27,299.0,Standard Renewal
TXN-1083-02,USER-1083,2025-03,2025-03-02,299.0,Standard Renewal
TXN-1083-03,USER-1083,2025-03,2025-04-01,299.0,Standard Renewal
TXN-1083-04,USER-1083,2025-03,2025-05-01,299.0,Standard Renewal
TXN-1083-05,USER-1083,2025-03,2025-05-31,299.0,Standard Renewal
TXN-1083-06,USER-1083,2025-03,2025-06-30,299.0,Standard Renewal
TXN-1083-07,USER-1083,2025-03,2025-07-30,299.0,Standard Renewal
TXN-1083-08,USER-1083,2025-03,2025-08-29,209.3,Contraction
TXN-1085-00,USER-1085,2025-01,2025-01-01,299.0,Standard Renewal
TXN-1085-01,USER-1085,2025-01,2025-01-31,299.0,Standard Renewal
TXN-1085-02,USER-1085,2025-01,2025-03-02,299.0,Standard Renewal
TXN-1085-03,USER-1085,2025-01,2025-04-01,299.0,Standard Renewal
TXN-1086-07,USER-1086,2025-07,2025-07-30,599.0,Standard Renewal
TXN-1086-08,USER-1086,2025-07,2025-08-29,599.0,Standard Renewal
TXN-1087-00,USER-1087,2025-01,2025-01-01,388.7,Tier Upgrade
TXN-1087-01,USER-1087,2025-01,2025-01-31,299.0,Standard Renewal
TXN-1087-02,USER-1087,2025-01,2025-03-02,299.0,Standard Renewal
TXN-1087-03,USER-1087,2025-01,2025-04-01,299.0,Standard Renewal
TXN-1087-04,USER-1087,2025-01,2025-05-01,299.0,Standard Renewal
TXN-1087-05,USER-1087,2025-01,2025-05-31,299.0,Standard Renewal
TXN-1087-06,USER-1087,2025-01,2025-06-30,299.0,Standard Renewal
TXN-1087-07,USER-1087,2025-01,2025-07-30,299.0,Standard Renewal
TXN-1088-01,USER-1088,2025-01,2025-01-31,299.0,Standard Renewal
TXN-1088-02,USER-1088,2025-01,2025-03-02,299.0,Standard Renewal
TXN-1088-03,USER-1088,2025-01,2025-04-01,299.0,Standard Renewal
TXN-1088-04,USER-1088,2025-01,2025-05-01,388.7,Tier Upgrade
TXN-1088-05,USER-1088,2025-01,2025-05-31,299.0,Standard Renewal
TXN-1088-06,USER-1088,2025-01,2025-06-30,299.0,Standard Renewal
TXN-1088-07,USER-1088,2025-01,2025-07-30,299.0,Standard Renewal
TXN-1088-08,USER-1088,2025-01,2025-08-29,299.0,Standard Renewal
TXN-1088-09,USER-1088,2025-01,2025-09-28,299.0,Standard Renewal
TXN-1088-10,USER-1088,2025-01,2025-10-28,299.0,Standard Renewal
TXN-1088-11,USER-1088,2025-01,2025-11-27,299.0,Standard Renewal
TXN-1089-11,USER-1089,2025-11,2025-11-27,299.0,Standard Renewal
TXN-1090-08,USER-1090,2025-08,2025-08-29,999.0,Standard Renewal
TXN-1090-09,USER-1090,2025-08,2025-09-28,999.0,Standard Renewal
TXN-1090-10,USER-1090,2025-08,2025-10-28,999.0,Standard Renewal
TXN-1090-11,USER-1090,2025-08,2025-11-27,999.0,Standard Renewal
TXN-1091-11,USER-1091,2025-11,2025-11-27,299.0,Standard Renewal
TXN-1092-02,USER-1092,2025-03,2025-03-02,599.0,Standard Renewal
TXN-1092-03,USER-1092,2025-03,2025-04-01,599.0,Standard Renewal
TXN-1092-04,USER-1092,2025-03,2025-05-01,599.0,Standard Renewal
TXN-1092-05,USER-1092,2025-03,2025-05-31,599.0,Standard Renewal
TXN-1092-06,USER-1092,2025-03,2025-06-30,599.0,Standard Renewal
TXN-1092-07,USER-1092,2025-03,2025-07-30,778.7,Tier Upgrade
TXN-1093-10,USER-1093,2025-10,2025-10-28,778.7,Tier Upgrade
TXN-1093-11,USER-1093,2025-10,2025-11-27,599.0,Standard Renewal
TXN-1094-09,USER-1094,2025-09,2025-09-28,599.0,Standard Renewal
TXN-1095-01,USER-1095,2025-01,2025-01-31,599.0,Standard Renewal
TXN-1095-02,USER-1095,2025-01,2025-03-02,599.0,Standard Renewal
TXN-1095-03,USER-1095,2025-01,2025-04-01,599.0,Standard Renewal
TXN-1095-04,USER-1095,2025-01,2025-05-01,419.3,Contraction
TXN-1095-05,USER-1095,2025-01,2025-05-31,599.0,Standard Renewal
TXN-1095-06,USER-1095,2025-01,2025-06-30,419.3,Contraction
TXN-1095-07,USER-1095,2025-01,2025-07-30,599.0,Standard Renewal
TXN-1095-08,USER-1095,2025-01,2025-08-29,599.0,Standard Renewal
TXN-1095-09,USER-1095,2025-01,2025-09-28,599.0,Standard Renewal
TXN-1096-03,USER-1096,2025-04,2025-04-01,599.0,Standard Renewal
TXN-1096-04,USER-1096,2025-04,2025-05-01,599.0,Standard Renewal
TXN-1097-07,USER-1097,2025-07,2025-07-30,999.0,Standard Renewal
TXN-1097-08,USER-1097,2025-07,2025-08-29,999.0,Standard Renewal
TXN-1097-09,USER-1097,2025-07,2025-09-28,999.0,Standard Renewal
TXN-1098-00,USER-1098,2025-01,2025-01-01,599.0,Standard Renewal
TXN-1099-01,USER-1099,2025-01,2025-01-31,599.0,Standard Renewal
TXN-1099-02,USER-1099,2025-01,2025-03-02,599.0,Standard Renewal
TXN-1099-03,USER-1099,2025-01,2025-04-01,599.0,Standard Renewal
TXN-1099-04,USER-1099,2025-01,2025-05-01,599.0,Standard Renewal
TXN-1099-05,USER-1099,2025-01,2025-05-31,599.0,Standard Renewal
TXN-1099-06,USER-1099,2025-01,2025-06-30,778.7,Tier Upgrade
TXN-1100-04,USER-1100,2025-05,2025-05-01,999.0,Standard Renewal
TXN-1100-05,USER-1100,2025-05,2025-05-31,1298.7,Tier Upgrade
TXN-1100-06,USER-1100,2025-05,2025-06-30,999.0,Standard Renewal
TXN-1100-07,USER-1100,2025-05,2025-07-30,999.0,Standard Renewal
TXN-1101-08,USER-1101,2025-08,2025-08-29,778.7,Tier Upgrade
TXN-1101-09,USER-1101,2025-08,2025-09-28,599.0,Standard Renewal
TXN-1101-10,USER-1101,2025-08,2025-10-28,599.0,Standard Renewal
TXN-1101-11,USER-1101,2025-08,2025-11-27,599.0,Standard Renewal
TXN-1102-02,USER-1102,2025-03,2025-03-02,388.7,Tier Upgrade
TXN-1102-03,USER-1102,2025-03,2025-04-01,299.0,Standard Renewal
TXN-1102-04,USER-1102,2025-03,2025-05-01,299.0,Standard Renewal
TXN-1102-05,USER-1102,2025-03,2025-05-31,299.0,Standard Renewal
TXN-1102-06,USER-1102,2025-03,2025-06-30,299.0,Standard Renewal
TXN-1102-07,USER-1102,2025-03,2025-07-30,299.0,Standard Renewal
TXN-1102-08,USER-1102,2025-03,2025-08-29,299.0,Standard Renewal
TXN-1102-09,USER-1102,2025-03,2025-09-28,299.0,Standard Renewal
TXN-1102-10,USER-1102,2025-03,2025-10-28,209.3,Contraction
TXN-1103-01,USER-1103,2025-01,2025-01-31,599.0,Standard Renewal
TXN-1103-02,USER-1103,2025-01,2025-03-02,778.7,Tier Upgrade
TXN-1103-03,USER-1103,2025-01,2025-04-01,599.0,Standard Renewal
TXN-1103-04,USER-1103,2025-01,2025-05-01,599.0,Standard Renewal
TXN-1104-05,USER-1104,2025-05,2025-05-31,599.0,Standard Renewal
TXN-1104-06,USER-1104,2025-05,2025-06-30,599.0,Standard Renewal
TXN-1104-07,USER-1104,2025-05,2025-07-30,599.0,Standard Renewal
TXN-1104-08,USER-1104,2025-05,2025-08-29,599.0,Standard Renewal
TXN-1104-09,USER-1104,2025-05,2025-09-28,599.0,Standard Renewal
TXN-1104-10,USER-1104,2025-05,2025-10-28,599.0,Standard Renewal
TXN-1104-11,USER-1104,2025-05,2025-11-27,599.0,Standard Renewal
TXN-1105-09,USER-1105,2025-09,2025-09-28,999.0,Standard Renewal
TXN-1105-10,USER-1105,2025-09,2025-10-28,999.0,Standard Renewal
TXN-1105-11,USER-1105,2025-09,2025-11-27,999.0,Standard Renewal
TXN-1106-08,USER-1106,2025-08,2025-08-29,599.0,Standard Renewal
TXN-1106-09,USER-1106,2025-08,2025-09-28,599.0,Standard Renewal
TXN-1106-10,USER-1106,2025-08,2025-10-28,599.0,Standard Renewal
TXN-1106-11,USER-1106,2025-08,2025-11-27,599.0,Standard Renewal
TXN-1107-05,USER-1107,2025-05,2025-05-31,599.0,Standard Renewal
TXN-1107-06,USER-1107,2025-05,2025-06-30,599.0,Standard Renewal
TXN-1107-07,USER-1107,2025-05,2025-07-30,599.0,Standard Renewal
TXN-1107-08,USER-1107,2025-05,2025-08-29,599.0,Standard Renewal
TXN-1107-09,USER-1107,2025-05,2025-09-28,599.0,Standard Renewal
TXN-1107-10,USER-1107,2025-05,2025-10-28,599.0,Standard Renewal
TXN-1107-11,USER-1107,2025-05,2025-11-27,599.0,Standard Renewal
TXN-1108-11,USER-1108,2025-11,2025-11-27,599.0,Standard Renewal
TXN-1109-07,USER-1109,2025-07,2025-07-30,299.0,Standard Renewal
TXN-1109-08,USER-1109,2025-07,2025-08-29,299.0,Standard Renewal
TXN-1109-09,USER-1109,2025-07,2025-09-28,299.0,Standard Renewal
TXN-1109-10,USER-1109,2025-07,2025-10-28,388.7,Tier Upgrade
TXN-1109-11,USER-1109,2025-07,2025-11-27,299.0,Standard Renewal
TXN-1110-04,USER-1110,2025-05,2025-05-01,599.0,Standard Renewal
TXN-1110-05,USER-1110,2025-05,2025-05-31,599.0,Standard Renewal
TXN-1110-06,USER-1110,2025-05,2025-06-30,599.0,Standard Renewal
TXN-1110-07,USER-1110,2025-05,2025-07-30,599.0,Standard Renewal
TXN-1110-08,USER-1110,2025-05,2025-08-29,599.0,Standard Renewal
TXN-1110-09,USER-1110,2025-05,2025-09-28,599.0,Standard Renewal
TXN-1111-01,USER-1111,2025-01,2025-01-31,299.0,Standard Renewal
TXN-1111-02,USER-1111,2025-01,2025-03-02,299.0,Standard Renewal
TXN-1111-03,USER-1111,2025-01,2025-04-01,388.7,Tier Upgrade
TXN-1111-04,USER-1111,2025-01,2025-05-01,299.0,Standard Renewal
TXN-1111-05,USER-1111,2025-01,2025-05-31,299.0,Standard Renewal
TXN-1111-06,USER-1111,2025-01,2025-06-30,299.0,Standard Renewal
TXN-1111-07,USER-1111,2025-01,2025-07-30,299.0,Standard Renewal
TXN-1111-08,USER-1111,2025-01,2025-08-29,299.0,Standard Renewal
TXN-1111-09,USER-1111,2025-01,2025-09-28,388.7,Tier Upgrade
TXN-1112-04,USER-1112,2025-05,2025-05-01,299.0,Standard Renewal
TXN-1112-05,USER-1112,2025-05,2025-05-31,299.0,Standard Renewal
TXN-1112-06,USER-1112,2025-05,2025-06-30,299.0,Standard Renewal
TXN-1112-07,USER-1112,2025-05,2025-07-30,299.0,Standard Renewal
TXN-1112-08,USER-1112,2025-05,2025-08-29,299.0,Standard Renewal
TXN-1112-09,USER-1112,2025-05,2025-09-28,299.0,Standard Renewal
TXN-1112-10,USER-1112,2025-05,2025-10-28,299.0,Standard Renewal
TXN-1112-11,USER-1112,2025-05,2025-11-27,299.0,Standard Renewal
TXN-1113-08,USER-1113,2025-08,2025-08-29,999.0,Standard Renewal
TXN-1113-09,USER-1113,2025-08,2025-09-28,999.0,Standard Renewal
TXN-1113-10,USER-1113,2025-08,2025-10-28,999.0,Standard Renewal
TXN-1113-11,USER-1113,2025-08,2025-11-27,999.0,Standard Renewal
TXN-1114-01,USER-1114,2025-01,2025-01-31,778.7,Tier Upgrade
TXN-1114-02,USER-1114,2025-01,2025-03-02,599.0,Standard Renewal
TXN-1114-03,USER-1114,2025-01,2025-04-01,778.7,Tier Upgrade
TXN-1114-04,USER-1114,2025-01,2025-05-01,599.0,Standard Renewal
TXN-1115-09,USER-1115,2025-09,2025-09-28,209.3,Contraction
TXN-1115-10,USER-1115,2025-09,2025-10-28,388.7,Tier Upgrade
TXN-1115-11,USER-1115,2025-09,2025-11-27,299.0,Standard Renewal
TXN-1116-10,USER-1116,2025-10,2025-10-28,599.0,Standard Renewal
TXN-1116-11,USER-1116,2025-10,2025-11-27,599.0,Standard Renewal
TXN-1117-01,USER-1117,2025-01,2025-01-31,599.0,Standard Renewal
TXN-1117-02,USER-1117,2025-01,2025-03-02,599.0,Standard Renewal
TXN-1117-03,USER-1117,2025-01,2025-04-01,778.7,Tier Upgrade
TXN-1117-04,USER-1117,2025-01,2025-05-01,599.0,Standard Renewal
TXN-1117-05,USER-1117,2025-01,2025-05-31,599.0,Standard Renewal
TXN-1118-01,USER-1118,2025-01,2025-01-31,299.0,Standard Renewal
TXN-1118-02,USER-1118,2025-01,2025-03-02,299.0,Standard Renewal
TXN-1118-03,USER-1118,2025-01,2025-04-01,299.0,Standard Renewal
TXN-1118-04,USER-1118,2025-01,2025-05-01,299.0,Standard Renewal
TXN-1118-05,USER-1118,2025-01,2025-05-31,299.0,Standard Renewal
TXN-1118-06,USER-1118,2025-01,2025-06-30,299.0,Standard Renewal
TXN-1118-07,USER-1118,2025-01,2025-07-30,299.0,Standard Renewal
TXN-1118-08,USER-1118,2025-01,2025-08-29,388.7,Tier Upgrade
TXN-1118-09,USER-1118,2025-01,2025-09-28,299.0,Standard Renewal
TXN-1119-10,USER-1119,2025-10,2025-10-28,599.0,Standard Renewal
TXN-1119-11,USER-1119,2025-10,2025-11-27,599.0,Standard Renewal
TXN-1120-08,USER-1120,2025-08,2025-08-29,999.0,Standard Renewal
TXN-1120-09,USER-1120,2025-08,2025-09-28,699.3,Contraction
TXN-1120-10,USER-1120,2025-08,2025-10-28,999.0,Standard Renewal
TXN-1120-11,USER-1120,2025-08,2025-11-27,999.0,Standard Renewal
TXN-1121-11,USER-1121,2025-11,2025-11-27,299.0,Standard Renewal
TXN-1122-11,USER-1122,2025-11,2025-11-27,599.0,Standard Renewal
TXN-1123-09,USER-1123,2025-09,2025-09-28,599.0,Standard Renewal
TXN-1123-10,USER-1123,2025-09,2025-10-28,599.0,Standard Renewal
TXN-1124-09,USER-1124,2025-09,2025-09-28,299.0,Standard Renewal
TXN-1124-10,USER-1124,2025-09,2025-10-28,299.0,Standard Renewal
TXN-1124-11,USER-1124,2025-09,2025-11-27,299.0,Standard Renewal
TXN-1125-01,USER-1125,2025-01,2025-01-31,999.0,Standard Renewal
TXN-1125-02,USER-1125,2025-01,2025-03-02,999.0,Standard Renewal
TXN-1125-03,USER-1125,2025-01,2025-04-01,999.0,Standard Renewal
TXN-1125-04,USER-1125,2025-01,2025-05-01,999.0,Standard Renewal
TXN-1125-05,USER-1125,2025-01,2025-05-31,999.0,Standard Renewal
TXN-1125-06,USER-1125,2025-01,2025-06-30,999.0,Standard Renewal
TXN-1125-07,USER-1125,2025-01,2025-07-30,999.0,Standard Renewal
TXN-1125-08,USER-1125,2025-01,2025-08-29,999.0,Standard Renewal
TXN-1125-09,USER-1125,2025-01,2025-09-28,999.0,Standard Renewal
TXN-1125-10,USER-1125,2025-01,2025-10-28,999.0,Standard Renewal
TXN-1125-11,USER-1125,2025-01,2025-11-27,999.0,Standard Renewal
TXN-1126-10,USER-1126,2025-10,2025-10-28,999.0,Standard Renewal
TXN-1126-11,USER-1126,2025-10,2025-11-27,999.0,Standard Renewal
TXN-1127-09,USER-1127,2025-09,2025-09-28,299.0,Standard Renewal
TXN-1127-10,USER-1127,2025-09,2025-10-28,299.0,Standard Renewal
TXN-1128-09,USER-1128,2025-09,2025-09-28,999.0,Standard Renewal
TXN-1128-10,USER-1128,2025-09,2025-10-28,999.0,Standard Renewal
TXN-1128-11,USER-1128,2025-09,2025-11-27,999.0,Standard Renewal
TXN-1129-09,USER-1129,2025-09,2025-09-28,299.0,Standard Renewal
TXN-1129-10,USER-1129,2025-09,2025-10-28,299.0,Standard Renewal
TXN-1129-11,USER-1129,2025-09,2025-11-27,299.0,Standard Renewal
TXN-1130-11,USER-1130,2025-11,2025-11-27,999.0,Standard Renewal
TXN-1131-00,USER-1131,2025-01,2025-01-01,999.0,Standard Renewal
TXN-1131-01,USER-1131,2025-01,2025-01-31,999.0,Standard Renewal
TXN-1131-02,USER-1131,2025-01,2025-03-02,699.3,Contraction
TXN-1131-03,USER-1131,2025-01,2025-04-01,999.0,Standard Renewal
TXN-1131-04,USER-1131,2025-01,2025-05-01,999.0,Standard Renewal
TXN-1131-05,USER-1131,2025-01,2025-05-31,999.0,Standard Renewal
TXN-1131-06,USER-1131,2025-01,2025-06-30,1298.7,Tier Upgrade
TXN-1132-04,USER-1132,2025-05,2025-05-01,599.0,Standard Renewal
TXN-1132-05,USER-1132,2025-05,2025-05-31,778.7,Tier Upgrade
TXN-1132-06,USER-1132,2025-05,2025-06-30,599.0,Standard Renewal
TXN-1132-07,USER-1132,2025-05,2025-07-30,599.0,Standard Renewal
TXN-1132-08,USER-1132,2025-05,2025-08-29,599.0,Standard Renewal
TXN-1133-00,USER-1133,2025-01,2025-01-01,999.0,Standard Renewal
TXN-1133-01,USER-1133,2025-01,2025-01-31,999.0,Standard Renewal
TXN-1133-02,USER-1133,2025-01,2025-03-02,999.0,Standard Renewal
TXN-1134-04,USER-1134,2025-05,2025-05-01,599.0,Standard Renewal
TXN-1134-05,USER-1134,2025-05,2025-05-31,599.0,Standard Renewal
TXN-1135-11,USER-1135,2025-11,2025-11-27,599.0,Standard Renewal
TXN-1136-03,USER-1136,2025-04,2025-04-01,599.0,Standard Renewal
TXN-1136-04,USER-1136,2025-04,2025-05-01,599.0,Standard Renewal
TXN-1136-05,USER-1136,2025-04,2025-05-31,599.0,Standard Renewal
TXN-1136-06,USER-1136,2025-04,2025-06-30,599.0,Standard Renewal
TXN-1136-07,USER-1136,2025-04,2025-07-30,599.0,Standard Renewal
TXN-1136-08,USER-1136,2025-04,2025-08-29,778.7,Tier Upgrade
TXN-1136-09,USER-1136,2025-04,2025-09-28,599.0,Standard Renewal
TXN-1137-04,USER-1137,2025-05,2025-05-01,299.0,Standard Renewal
TXN-1137-05,USER-1137,2025-05,2025-05-31,299.0,Standard Renewal
TXN-1137-06,USER-1137,2025-05,2025-06-30,299.0,Standard Renewal
TXN-1137-07,USER-1137,2025-05,2025-07-30,299.0,Standard Renewal
TXN-1138-00,USER-1138,2025-01,2025-01-01,999.0,Standard Renewal
TXN-1138-01,USER-1138,2025-01,2025-01-31,999.0,Standard Renewal
TXN-1138-02,USER-1138,2025-01,2025-03-02,999.0,Standard Renewal
TXN-1138-03,USER-1138,2025-01,2025-04-01,999.0,Standard Renewal
TXN-1138-04,USER-1138,2025-01,2025-05-01,999.0,Standard Renewal
TXN-1138-05,USER-1138,2025-01,2025-05-31,1298.7,Tier Upgrade
TXN-1138-06,USER-1138,2025-01,2025-06-30,999.0,Standard Renewal
TXN-1138-07,USER-1138,2025-01,2025-07-30,999.0,Standard Renewal
TXN-1138-08,USER-1138,2025-01,2025-08-29,999.0,Standard Renewal
TXN-1138-09,USER-1138,2025-01,2025-09-28,999.0,Standard Renewal
TXN-1138-10,USER-1138,2025-01,2025-10-28,999.0,Standard Renewal
TXN-1138-11,USER-1138,2025-01,2025-11-27,999.0,Standard Renewal
TXN-1139-04,USER-1139,2025-05,2025-05-01,999.0,Standard Renewal
TXN-1139-05,USER-1139,2025-05,2025-05-31,999.0,Standard Renewal
TXN-1139-06,USER-1139,2025-05,2025-06-30,999.0,Standard Renewal
TXN-1139-07,USER-1139,2025-05,2025-07-30,1298.7,Tier Upgrade
TXN-1139-08,USER-1139,2025-05,2025-08-29,999.0,Standard Renewal
TXN-1139-09,USER-1139,2025-05,2025-09-28,999.0,Standard Renewal
TXN-1139-10,USER-1139,2025-05,2025-10-28,999.0,Standard Renewal
TXN-1139-11,USER-1139,2025-05,2025-11-27,999.0,Standard Renewal
TXN-1140-07,USER-1140,2025-07,2025-07-30,388.7,Tier Upgrade
TXN-1140-08,USER-1140,2025-07,2025-08-29,388.7,Tier Upgrade
TXN-1140-09,USER-1140,2025-07,2025-09-28,299.0,Standard Renewal
TXN-1140-10,USER-1140,2025-07,2025-10-28,299.0,Standard Renewal
TXN-1140-11,USER-1140,2025-07,2025-11-27,299.0,Standard Renewal
TXN-1141-10,USER-1141,2025-10,2025-10-28,599.0,Standard Renewal
TXN-1141-11,USER-1141,2025-10,2025-11-27,599.0,Standard Renewal
TXN-1142-08,USER-1142,2025-08,2025-08-29,599.0,Standard Renewal
TXN-1142-09,USER-1142,2025-08,2025-09-28,599.0,Standard Renewal
TXN-1142-10,USER-1142,2025-08,2025-10-28,599.0,Standard Renewal
TXN-1142-11,USER-1142,2025-08,2025-11-27,599.0,Standard Renewal
TXN-1143-06,USER-1143,2025-06,2025-06-30,299.0,Standard Renewal
TXN-1143-07,USER-1143,2025-06,2025-07-30,299.0,Standard Renewal
TXN-1143-08,USER-1143,2025-06,2025-08-29,299.0,Standard Renewal
TXN-1143-09,USER-1143,2025-06,2025-09-28,299.0,Standard Renewal
TXN-1143-10,USER-1143,2025-06,2025-10-28,299.0,Standard Renewal
TXN-1143-11,USER-1143,2025-06,2025-11-27,299.0,Standard Renewal
TXN-1144-11,USER-1144,2025-11,2025-11-27,599.0,Standard Renewal
TXN-1145-06,USER-1145,2025-06,2025-06-30,599.0,Standard Renewal
TXN-1145-07,USER-1145,2025-06,2025-07-30,599.0,Standard Renewal
TXN-1145-08,USER-1145,2025-06,2025-08-29,599.0,Standard Renewal
TXN-1145-09,USER-1145,2025-06,2025-09-28,599.0,Standard Renewal
TXN-1145-10,USER-1145,2025-06,2025-10-28,599.0,Standard Renewal
TXN-1146-03,USER-1146,2025-04,2025-04-01,299.0,Standard Renewal
TXN-1146-04,USER-1146,2025-04,2025-05-01,299.0,Standard Renewal
TXN-1146-05,USER-1146,2025-04,2025-05-31,299.0,Standard Renewal
TXN-1146-06,USER-1146,2025-04,2025-06-30,299.0,Standard Renewal
TXN-1146-07,USER-1146,2025-04,2025-07-30,299.0,Standard Renewal
TXN-1146-08,USER-1146,2025-04,2025-08-29,299.0,Standard Renewal
TXN-1146-09,USER-1146,2025-04,2025-09-28,299.0,Standard Renewal
TXN-1146-10,USER-1146,2025-04,2025-10-28,299.0,Standard Renewal
TXN-1146-11,USER-1146,2025-04,2025-11-27,299.0,Standard Renewal
TXN-1147-11,USER-1147,2025-11,2025-11-27,299.0,Standard Renewal
TXN-1148-07,USER-1148,2025-07,2025-07-30,299.0,Standard Renewal
TXN-1148-08,USER-1148,2025-07,2025-08-29,299.0,Standard Renewal
TXN-1148-09,USER-1148,2025-07,2025-09-28,299.0,Standard Renewal
TXN-1148-10,USER-1148,2025-07,2025-10-28,299.0,Standard Renewal
TXN-1148-11,USER-1148,2025-07,2025-11-27,299.0,Standard Renewal
TXN-1149-07,USER-1149,2025-07,2025-07-30,299.0,Standard Renewal
TXN-1149-08,USER-1149,2025-07,2025-08-29,299.0,Standard Renewal
TXN-1149-09,USER-1149,2025-07,2025-09-28,299.0,Standard Renewal
TXN-1149-10,USER-1149,2025-07,2025-10-28,299.0,Standard Renewal
TXN-1149-11,USER-1149,2025-07,2025-11-27,388.7,Tier Upgrade
TXN-1150-02,USER-1150,2025-03,2025-03-02,999.0,Standard Renewal
TXN-1150-03,USER-1150,2025-03,2025-04-01,999.0,Standard Renewal
TXN-1151-09,USER-1151,2025-09,2025-09-28,599.0,Standard Renewal
TXN-1151-10,USER-1151,2025-09,2025-10-28,599.0,Standard Renewal
TXN-1151-11,USER-1151,2025-09,2025-11-27,599.0,Standard Renewal
TXN-1152-02,USER-1152,2025-03,2025-03-02,299.0,Standard Renewal
TXN-1152-03,USER-1152,2025-03,2025-04-01,299.0,Standard Renewal
TXN-1152-04,USER-1152,2025-03,2025-05-01,299.0,Standard Renewal
TXN-1152-05,USER-1152,2025-03,2025-05-31,299.0,Standard Renewal
TXN-1152-06,USER-1152,2025-03,2025-06-30,299.0,Standard Renewal
TXN-1152-07,USER-1152,2025-03,2025-07-30,299.0,Standard Renewal
TXN-1152-08,USER-1152,2025-03,2025-08-29,299.0,Standard Renewal
TXN-1153-00,USER-1153,2025-01,2025-01-01,599.0,Standard Renewal
TXN-1153-01,USER-1153,2025-01,2025-01-31,599.0,Standard Renewal
TXN-1153-02,USER-1153,2025-01,2025-03-02,599.0,Standard Renewal
TXN-1153-03,USER-1153,2025-01,2025-04-01,599.0,Standard Renewal
TXN-1153-04,USER-1153,2025-01,2025-05-01,599.0,Standard Renewal
TXN-1153-05,USER-1153,2025-01,2025-05-31,599.0,Standard Renewal
TXN-1153-06,USER-1153,2025-01,2025-06-30,599.0,Standard Renewal
TXN-1153-07,USER-1153,2025-01,2025-07-30,599.0,Standard Renewal
TXN-1153-08,USER-1153,2025-01,2025-08-29,599.0,Standard Renewal
TXN-1153-09,USER-1153,2025-01,2025-09-28,599.0,Standard Renewal
TXN-1153-10,USER-1153,2025-01,2025-10-28,599.0,Standard Renewal
TXN-1154-05,USER-1154,2025-05,2025-05-31,599.0,Standard Renewal
TXN-1154-06,USER-1154,2025-05,2025-06-30,599.0,Standard Renewal
TXN-1154-07,USER-1154,2025-05,2025-07-30,599.0,Standard Renewal
TXN-1154-08,USER-1154,2025-05,2025-08-29,599.0,Standard Renewal
TXN-1154-09,USER-1154,2025-05,2025-09-28,599.0,Standard Renewal
TXN-1154-10,USER-1154,2025-05,2025-10-28,599.0,Standard Renewal
TXN-1154-11,USER-1154,2025-05,2025-11-27,599.0,Standard Renewal
TXN-1155-02,USER-1155,2025-03,2025-03-02,999.0,Standard Renewal
TXN-1155-03,USER-1155,2025-03,2025-04-01,999.0,Standard Renewal
TXN-1155-04,USER-1155,2025-03,2025-05-01,699.3,Contraction
TXN-1155-05,USER-1155,2025-03,2025-05-31,999.0,Standard Renewal
TXN-1155-06,USER-1155,2025-03,2025-06-30,999.0,Standard Renewal
TXN-1155-07,USER-1155,2025-03,2025-07-30,999.0,Standard Renewal
TXN-1156-09,USER-1156,2025-09,2025-09-28,299.0,Standard Renewal
TXN-1156-10,USER-1156,2025-09,2025-10-28,299.0,Standard Renewal
TXN-1156-11,USER-1156,2025-09,2025-11-27,209.3,Contraction
TXN-1157-09,USER-1157,2025-09,2025-09-28,599.0,Standard Renewal
TXN-1157-10,USER-1157,2025-09,2025-10-28,599.0,Standard Renewal
TXN-1157-11,USER-1157,2025-09,2025-11-27,599.0,Standard Renewal
TXN-1158-06,USER-1158,2025-06,2025-06-30,599.0,Standard Renewal
TXN-1158-07,USER-1158,2025-06,2025-07-30,599.0,Standard Renewal
TXN-1158-08,USER-1158,2025-06,2025-08-29,599.0,Standard Renewal
TXN-1158-09,USER-1158,2025-06,2025-09-28,599.0,Standard Renewal
TXN-1158-10,USER-1158,2025-06,2025-10-28,419.3,Contraction
TXN-1158-11,USER-1158,2025-06,2025-11-27,599.0,Standard Renewal
TXN-1159-08,USER-1159,2025-08,2025-08-29,299.0,Standard Renewal
TXN-1159-09,USER-1159,2025-08,2025-09-28,299.0,Standard Renewal
TXN-1159-10,USER-1159,2025-08,2025-10-28,299.0,Standard Renewal
TXN-1159-11,USER-1159,2025-08,2025-11-27,299.0,Standard Renewal
TXN-1160-01,USER-1160,2025-01,2025-01-31,599.0,Standard Renewal
TXN-1160-02,USER-1160,2025-01,2025-03-02,599.0,Standard Renewal
TXN-1161-11,USER-1161,2025-11,2025-11-27,599.0,Standard Renewal
TXN-1162-02,USER-1162,2025-03,2025-03-02,299.0,Standard Renewal
TXN-1162-03,USER-1162,2025-03,2025-04-01,299.0,Standard Renewal
TXN-1162-04,USER-1162,2025-03,2025-05-01,299.0,Standard Renewal
TXN-1162-05,USER-1162,2025-03,2025-05-31,388.7,Tier Upgrade
TXN-1162-06,USER-1162,2025-03,2025-06-30,299.0,Standard Renewal
TXN-1162-07,USER-1162,2025-03,2025-07-30,299.0,Standard Renewal
TXN-1162-08,USER-1162,2025-03,2025-08-29,299.0,Standard Renewal
TXN-1162-09,USER-1162,2025-03,2025-09-28,299.0,Standard Renewal
TXN-1162-10,USER-1162,2025-03,2025-10-28,299.0,Standard Renewal
TXN-1162-11,USER-1162,2025-03,2025-11-27,299.0,Standard Renewal
TXN-1163-01,USER-1163,2025-01,2025-01-31,999.0,Standard Renewal
TXN-1163-02,USER-1163,2025-01,2025-03-02,999.0,Standard Renewal
TXN-1163-03,USER-1163,2025-01,2025-04-01,1298.7,Tier Upgrade
TXN-1163-04,USER-1163,2025-01,2025-05-01,999.0,Standard Renewal
TXN-1163-05,USER-1163,2025-01,2025-05-31,999.0,Standard Renewal
TXN-1163-06,USER-1163,2025-01,2025-06-30,999.0,Standard Renewal
TXN-1163-07,USER-1163,2025-01,2025-07-30,999.0,Standard Renewal
TXN-1163-08,USER-1163,2025-01,2025-08-29,999.0,Standard Renewal
TXN-1163-09,USER-1163,2025-01,2025-09-28,999.0,Standard Renewal
TXN-1163-10,USER-1163,2025-01,2025-10-28,999.0,Standard Renewal
TXN-1163-11,USER-1163,2025-01,2025-11-27,999.0,Standard Renewal
TXN-1164-11,USER-1164,2025-11,2025-11-27,388.7,Tier Upgrade
TXN-1165-07,USER-1165,2025-07,2025-07-30,599.0,Standard Renewal
TXN-1165-08,USER-1165,2025-07,2025-08-29,599.0,Standard Renewal
TXN-1165-09,USER-1165,2025-07,2025-09-28,599.0,Standard Renewal
TXN-1165-10,USER-1165,2025-07,2025-10-28,599.0,Standard Renewal
TXN-1166-03,USER-1166,2025-04,2025-04-01,999.0,Standard Renewal
TXN-1166-04,USER-1166,2025-04,2025-05-01,999.0,Standard Renewal
TXN-1166-05,USER-1166,2025-04,2025-05-31,999.0,Standard Renewal
TXN-1167-07,USER-1167,2025-07,2025-07-30,1298.7,Tier Upgrade
TXN-1168-11,USER-1168,2025-11,2025-11-27,599.0,Standard Renewal
TXN-1169-02,USER-1169,2025-03,2025-03-02,999.0,Standard Renewal
TXN-1169-03,USER-1169,2025-03,2025-04-01,999.0,Standard Renewal
TXN-1169-04,USER-1169,2025-03,2025-05-01,999.0,Standard Renewal
TXN-1169-05,USER-1169,2025-03,2025-05-31,999.0,Standard Renewal
TXN-1169-06,USER-1169,2025-03,2025-06-30,999.0,Standard Renewal
TXN-1169-07,USER-1169,2025-03,2025-07-30,999.0,Standard Renewal
TXN-1169-08,USER-1169,2025-03,2025-08-29,999.0,Standard Renewal
TXN-1169-09,USER-1169,2025-03,2025-09-28,999.0,Standard Renewal
TXN-1169-10,USER-1169,2025-03,2025-10-28,999.0,Standard Renewal
TXN-1170-05,USER-1170,2025-05,2025-05-31,778.7,Tier Upgrade
TXN-1170-06,USER-1170,2025-05,2025-06-30,599.0,Standard Renewal
TXN-1170-07,USER-1170,2025-05,2025-07-30,599.0,Standard Renewal
TXN-1170-08,USER-1170,2025-05,2025-08-29,599.0,Standard Renewal
TXN-1171-07,USER-1171,2025-07,2025-07-30,599.0,Standard Renewal
TXN-1171-08,USER-1171,2025-07,2025-08-29,599.0,Standard Renewal
TXN-1171-09,USER-1171,2025-07,2025-09-28,599.0,Standard Renewal
TXN-1171-10,USER-1171,2025-07,2025-10-28,599.0,Standard Renewal
TXN-1171-11,USER-1171,2025-07,2025-11-27,599.0,Standard Renewal
TXN-1172-04,USER-1172,2025-05,2025-05-01,999.0,Standard Renewal
TXN-1172-05,USER-1172,2025-05,2025-05-31,1298.7,Tier Upgrade
TXN-1172-06,USER-1172,2025-05,2025-06-30,699.3,Contraction
TXN-1173-02,USER-1173,2025-03,2025-03-02,299.0,Standard Renewal
TXN-1173-03,USER-1173,2025-03,2025-04-01,299.0,Standard Renewal
TXN-1173-04,USER-1173,2025-03,2025-05-01,299.0,Standard Renewal
TXN-1173-05,USER-1173,2025-03,2025-05-31,299.0,Standard Renewal
TXN-1174-11,USER-1174,2025-11,2025-11-27,299.0,Standard Renewal
TXN-1175-07,USER-1175,2025-07,2025-07-30,599.0,Standard Renewal
TXN-1175-08,USER-1175,2025-07,2025-08-29,599.0,Standard Renewal
TXN-1175-09,USER-1175,2025-07,2025-09-28,599.0,Standard Renewal
TXN-1175-10,USER-1175,2025-07,2025-10-28,599.0,Standard Renewal
TXN-1175-11,USER-1175,2025-07,2025-11-27,599.0,Standard Renewal
TXN-1176-04,USER-1176,2025-05,2025-05-01,1298.7,Tier Upgrade
TXN-1176-05,USER-1176,2025-05,2025-05-31,999.0,Standard Renewal
TXN-1176-06,USER-1176,2025-05,2025-06-30,999.0,Standard Renewal
TXN-1176-07,USER-1176,2025-05,2025-07-30,999.0,Standard Renewal
TXN-1176-08,USER-1176,2025-05,2025-08-29,999.0,Standard Renewal
TXN-1176-09,USER-1176,2025-05,2025-09-28,1298.7,Tier Upgrade
TXN-1176-10,USER-1176,2025-05,2025-10-28,999.0,Standard Renewal
TXN-1177-04,USER-1177,2025-05,2025-05-01,299.0,Standard Renewal
TXN-1177-05,USER-1177,2025-05,2025-05-31,299.0,Standard Renewal
TXN-1177-06,USER-1177,2025-05,2025-06-30,299.0,Standard Renewal
TXN-1177-07,USER-1177,2025-05,2025-07-30,299.0,Standard Renewal
TXN-1177-08,USER-1177,2025-05,2025-08-29,299.0,Standard Renewal
TXN-1177-09,USER-1177,2025-05,2025-09-28,299.0,Standard Renewal
TXN-1177-10,USER-1177,2025-05,2025-10-28,299.0,Standard Renewal
TXN-1177-11,USER-1177,2025-05,2025-11-27,299.0,Standard Renewal
TXN-1178-11,USER-1178,2025-11,2025-11-27,599.0,Standard Renewal
TXN-1179-00,USER-1179,2025-01,2025-01-01,299.0,Standard Renewal
TXN-1179-01,USER-1179,2025-01,2025-01-31,299.0,Standard Renewal
TXN-1179-02,USER-1179,2025-01,2025-03-02,299.0,Standard Renewal
TXN-1179-03,USER-1179,2025-01,2025-04-01,299.0,Standard Renewal
TXN-1179-04,USER-1179,2025-01,2025-05-01,299.0,Standard Renewal
TXN-1181-06,USER-1181,2025-06,2025-06-30,599.0,Standard Renewal
TXN-1181-07,USER-1181,2025-06,2025-07-30,599.0,Standard Renewal
TXN-1181-08,USER-1181,2025-06,2025-08-29,599.0,Standard Renewal
TXN-1181-09,USER-1181,2025-06,2025-09-28,599.0,Standard Renewal
TXN-1182-04,USER-1182,2025-05,2025-05-01,299.0,Standard Renewal
TXN-1182-05,USER-1182,2025-05,2025-05-31,299.0,Standard Renewal
TXN-1182-06,USER-1182,2025-05,2025-06-30,299.0,Standard Renewal
TXN-1182-07,USER-1182,2025-05,2025-07-30,299.0,Standard Renewal
TXN-1182-08,USER-1182,2025-05,2025-08-29,299.0,Standard Renewal
TXN-1182-09,USER-1182,2025-05,2025-09-28,299.0,Standard Renewal
TXN-1182-10,USER-1182,2025-05,2025-10-28,299.0,Standard Renewal
TXN-1182-11,USER-1182,2025-05,2025-11-27,388.7,Tier Upgrade
TXN-1183-10,USER-1183,2025-10,2025-10-28,299.0,Standard Renewal
TXN-1183-11,USER-1183,2025-10,2025-11-27,299.0,Standard Renewal
TXN-1184-02,USER-1184,2025-03,2025-03-02,599.0,Standard Renewal
TXN-1185-06,USER-1185,2025-06,2025-06-30,599.0,Standard Renewal
TXN-1185-07,USER-1185,2025-06,2025-07-30,599.0,Standard Renewal
TXN-1185-08,USER-1185,2025-06,2025-08-29,599.0,Standard Renewal
TXN-1185-09,USER-1185,2025-06,2025-09-28,599.0,Standard Renewal
TXN-1185-10,USER-1185,2025-06,2025-10-28,419.3,Contraction
TXN-1185-11,USER-1185,2025-06,2025-11-27,599.0,Standard Renewal
TXN-1186-10,USER-1186,2025-10,2025-10-28,299.0,Standard Renewal
TXN-1186-11,USER-1186,2025-10,2025-11-27,299.0,Standard Renewal
TXN-1187-07,USER-1187,2025-07,2025-07-30,599.0,Standard Renewal
TXN-1187-08,USER-1187,2025-07,2025-08-29,599.0,Standard Renewal
TXN-1187-09,USER-1187,2025-07,2025-09-28,599.0,Standard Renewal
TXN-1188-02,USER-1188,2025-03,2025-03-02,999.0,Standard Renewal
TXN-1189-03,USER-1189,2025-04,2025-04-01,299.0,Standard Renewal
TXN-1189-04,USER-1189,2025-04,2025-05-01,299.0,Standard Renewal
TXN-1189-05,USER-1189,2025-04,2025-05-31,299.0,Standard Renewal
TXN-1189-06,USER-1189,2025-04,2025-06-30,299.0,Standard Renewal
TXN-1189-07,USER-1189,2025-04,2025-07-30,299.0,Standard Renewal
TXN-1189-08,USER-1189,2025-04,2025-08-29,299.0,Standard Renewal
TXN-1189-09,USER-1189,2025-04,2025-09-28,299.0,Standard Renewal
TXN-1189-10,USER-1189,2025-04,2025-10-28,299.0,Standard Renewal
TXN-1189-11,USER-1189,2025-04,2025-11-27,299.0,Standard Renewal
TXN-1190-02,USER-1190,2025-03,2025-03-02,999.0,Standard Renewal
TXN-1190-03,USER-1190,2025-03,2025-04-01,999.0,Standard Renewal
TXN-1190-04,USER-1190,2025-03,2025-05-01,999.0,Standard Renewal
TXN-1190-05,USER-1190,2025-03,2025-05-31,999.0,Standard Renewal
TXN-1190-06,USER-1190,2025-03,2025-06-30,999.0,Standard Renewal
TXN-1190-07,USER-1190,2025-03,2025-07-30,999.0,Standard Renewal
TXN-1190-08,USER-1190,2025-03,2025-08-29,999.0,Standard Renewal
TXN-1191-11,USER-1191,2025-11,2025-11-27,599.0,Standard Renewal
TXN-1192-07,USER-1192,2025-07,2025-07-30,599.0,Standard Renewal
TXN-1192-08,USER-1192,2025-07,2025-08-29,419.3,Contraction
TXN-1193-07,USER-1193,2025-07,2025-07-30,999.0,Standard Renewal
TXN-1193-08,USER-1193,2025-07,2025-08-29,999.0,Standard Renewal
TXN-1193-09,USER-1193,2025-07,2025-09-28,999.0,Standard Renewal
TXN-1193-10,USER-1193,2025-07,2025-10-28,999.0,Standard Renewal
TXN-1193-11,USER-1193,2025-07,2025-11-27,999.0,Standard Renewal
TXN-1194-04,USER-1194,2025-05,2025-05-01,699.3,Contraction
TXN-1194-05,USER-1194,2025-05,2025-05-31,999.0,Standard Renewal
TXN-1194-06,USER-1194,2025-05,2025-06-30,1298.7,Tier Upgrade
TXN-1194-07,USER-1194,2025-05,2025-07-30,999.0,Standard Renewal
TXN-1194-08,USER-1194,2025-05,2025-08-29,999.0,Standard Renewal
TXN-1194-09,USER-1194,2025-05,2025-09-28,999.0,Standard Renewal
TXN-1194-10,USER-1194,2025-05,2025-10-28,999.0,Standard Renewal
TXN-1194-11,USER-1194,2025-05,2025-11-27,1298.7,Tier Upgrade
TXN-1195-04,USER-1195,2025-05,2025-05-01,299.0,Standard Renewal
TXN-1195-05,USER-1195,2025-05,2025-05-31,299.0,Standard Renewal
TXN-1195-06,USER-1195,2025-05,2025-06-30,299.0,Standard Renewal
TXN-1195-07,USER-1195,2025-05,2025-07-30,299.0,Standard Renewal
TXN-1195-08,USER-1195,2025-05,2025-08-29,299.0,Standard Renewal
TXN-1195-09,USER-1195,2025-05,2025-09-28,299.0,Standard Renewal
TXN-1196-09,USER-1196,2025-09,2025-09-28,999.0,Standard Renewal
TXN-1196-10,USER-1196,2025-09,2025-10-28,999.0,Standard Renewal
TXN-1196-11,USER-1196,2025-09,2025-11-27,699.3,Contraction
TXN-1197-01,USER-1197,2025-01,2025-01-31,999.0,Standard Renewal
TXN-1197-02,USER-1197,2025-01,2025-03-02,999.0,Standard Renewal
TXN-1197-03,USER-1197,2025-01,2025-04-01,999.0,Standard Renewal
TXN-1197-04,USER-1197,2025-01,2025-05-01,999.0,Standard Renewal
TXN-1198-11,USER-1198,2025-11,2025-11-27,999.0,Standard Renewal
TXN-1199-04,USER-1199,2025-05,2025-05-01,299.0,Standard Renewal
TXN-1199-05,USER-1199,2025-05,2025-05-31,299.0,Standard Renewal
TXN-1199-06,USER-1199,2025-05,2025-06-30,299.0,Standard Renewal
TXN-1199-07,USER-1199,2025-05,2025-07-30,299.0,Standard Renewal
TXN-1199-08,USER-1199,2025-05,2025-08-29,299.0,Standard Renewal
TXN-1199-09,USER-1199,2025-05,2025-09-28,299.0,Standard Renewal
TXN-1199-10,USER-1199,2025-05,2025-10-28,299.0,Standard Renewal
TXN-1199-11,USER-1199,2025-05,2025-11-27,299.0,Standard Renewal
TXN-1200-06,USER-1200,2025-06,2025-06-30,999.0,Standard Renewal
TXN-1200-07,USER-1200,2025-06,2025-07-30,999.0,Standard Renewal
TXN-1200-08,USER-1200,2025-06,2025-08-29,999.0,Standard Renewal
TXN-1200-09,USER-1200,2025-06,2025-09-28,999.0,Standard Renewal
TXN-1200-10,USER-1200,2025-06,2025-10-28,999.0,Standard Renewal
TXN-1201-09,USER-1201,2025-09,2025-09-28,599.0,Standard Renewal
TXN-1201-10,USER-1201,2025-09,2025-10-28,599.0,Standard Renewal
TXN-1201-11,USER-1201,2025-09,2025-11-27,599.0,Standard Renewal
TXN-1202-01,USER-1202,2025-01,2025-01-31,599.0,Standard Renewal
TXN-1202-02,USER-1202,2025-01,2025-03-02,419.3,Contraction
TXN-1202-03,USER-1202,2025-01,2025-04-01,778.7,Tier Upgrade
TXN-1202-04,USER-1202,2025-01,2025-05-01,419.3,Contraction
TXN-1203-10,USER-1203,2025-10,2025-10-28,599.0,Standard Renewal
TXN-1203-11,USER-1203,2025-10,2025-11-27,599.0,Standard Renewal
TXN-1204-09,USER-1204,2025-09,2025-09-28,299.0,Standard Renewal
TXN-1204-10,USER-1204,2025-09,2025-10-28,388.7,Tier Upgrade
TXN-1204-11,USER-1204,2025-09,2025-11-27,299.0,Standard Renewal
TXN-1205-10,USER-1205,2025-10,2025-10-28,1298.7,Tier Upgrade
TXN-1205-11,USER-1205,2025-10,2025-11-27,1298.7,Tier Upgrade
TXN-1206-08,USER-1206,2025-08,2025-08-29,299.0,Standard Renewal
TXN-1206-09,USER-1206,2025-08,2025-09-28,299.0,Standard Renewal
TXN-1206-10,USER-1206,2025-08,2025-10-28,299.0,Standard Renewal
TXN-1206-11,USER-1206,2025-08,2025-11-27,299.0,Standard Renewal
TXN-1207-11,USER-1207,2025-11,2025-11-27,299.0,Standard Renewal
TXN-1208-11,USER-1208,2025-11,2025-11-27,999.0,Standard Renewal
TXN-1209-10,USER-1209,2025-10,2025-10-28,999.0,Standard Renewal
TXN-1209-11,USER-1209,2025-10,2025-11-27,999.0,Standard Renewal
TXN-1210-02,USER-1210,2025-03,2025-03-02,299.0,Standard Renewal
TXN-1210-03,USER-1210,2025-03,2025-04-01,299.0,Standard Renewal
TXN-1210-04,USER-1210,2025-03,2025-05-01,299.0,Standard Renewal
TXN-1210-05,USER-1210,2025-03,2025-05-31,299.0,Standard Renewal
TXN-1210-06,USER-1210,2025-03,2025-06-30,209.3,Contraction
TXN-1210-07,USER-1210,2025-03,2025-07-30,299.0,Standard Renewal
TXN-1211-07,USER-1211,2025-07,2025-07-30,299.0,Standard Renewal
TXN-1211-08,USER-1211,2025-07,2025-08-29,388.7,Tier Upgrade
TXN-1211-09,USER-1211,2025-07,2025-09-28,299.0,Standard Renewal
TXN-1211-10,USER-1211,2025-07,2025-10-28,299.0,Standard Renewal
TXN-1211-11,USER-1211,2025-07,2025-11-27,299.0,Standard Renewal
TXN-1212-07,USER-1212,2025-07,2025-07-30,999.0,Standard Renewal
TXN-1212-08,USER-1212,2025-07,2025-08-29,999.0,Standard Renewal
TXN-1212-09,USER-1212,2025-07,2025-09-28,999.0,Standard Renewal
TXN-1212-10,USER-1212,2025-07,2025-10-28,999.0,Standard Renewal
TXN-1212-11,USER-1212,2025-07,2025-11-27,1298.7,Tier Upgrade
TXN-1213-08,USER-1213,2025-08,2025-08-29,299.0,Standard Renewal
TXN-1213-09,USER-1213,2025-08,2025-09-28,299.0,Standard Renewal
TXN-1213-10,USER-1213,2025-08,2025-10-28,299.0,Standard Renewal
TXN-1213-11,USER-1213,2025-08,2025-11-27,388.7,Tier Upgrade
TXN-1214-01,USER-1214,2025-01,2025-01-31,599.0,Standard Renewal
TXN-1214-02,USER-1214,2025-01,2025-03-02,599.0,Standard Renewal
TXN-1214-03,USER-1214,2025-01,2025-04-01,599.0,Standard Renewal
TXN-1214-04,USER-1214,2025-01,2025-05-01,599.0,Standard Renewal
TXN-1214-05,USER-1214,2025-01,2025-05-31,419.3,Contraction
TXN-1214-06,USER-1214,2025-01,2025-06-30,599.0,Standard Renewal
TXN-1214-07,USER-1214,2025-01,2025-07-30,599.0,Standard Renewal
TXN-1215-00,USER-1215,2025-01,2025-01-01,209.3,Contraction
TXN-1215-01,USER-1215,2025-01,2025-01-31,299.0,Standard Renewal
TXN-1215-02,USER-1215,2025-01,2025-03-02,299.0,Standard Renewal
TXN-1215-03,USER-1215,2025-01,2025-04-01,299.0,Standard Renewal
TXN-1215-04,USER-1215,2025-01,2025-05-01,299.0,Standard Renewal
TXN-1215-05,USER-1215,2025-01,2025-05-31,299.0,Standard Renewal
TXN-1216-10,USER-1216,2025-10,2025-10-28,999.0,Standard Renewal
TXN-1216-11,USER-1216,2025-10,2025-11-27,699.3,Contraction
TXN-1217-02,USER-1217,2025-03,2025-03-02,999.0,Standard Renewal
TXN-1217-03,USER-1217,2025-03,2025-04-01,999.0,Standard Renewal
TXN-1217-04,USER-1217,2025-03,2025-05-01,999.0,Standard Renewal
TXN-1217-05,USER-1217,2025-03,2025-05-31,999.0,Standard Renewal
TXN-1217-06,USER-1217,2025-03,2025-06-30,999.0,Standard Renewal
TXN-1217-07,USER-1217,2025-03,2025-07-30,999.0,Standard Renewal
TXN-1218-06,USER-1218,2025-06,2025-06-30,999.0,Standard Renewal
TXN-1218-07,USER-1218,2025-06,2025-07-30,999.0,Standard Renewal
TXN-1218-08,USER-1218,2025-06,2025-08-29,999.0,Standard Renewal
TXN-1218-09,USER-1218,2025-06,2025-09-28,999.0,Standard Renewal
TXN-1218-10,USER-1218,2025-06,2025-10-28,999.0,Standard Renewal
TXN-1218-11,USER-1218,2025-06,2025-11-27,999.0,Standard Renewal
TXN-1219-03,USER-1219,2025-04,2025-04-01,599.0,Standard Renewal
TXN-1219-04,USER-1219,2025-04,2025-05-01,599.0,Standard Renewal
TXN-1219-05,USER-1219,2025-04,2025-05-31,599.0,Standard Renewal
TXN-1219-06,USER-1219,2025-04,2025-06-30,599.0,Standard Renewal
TXN-1219-07,USER-1219,2025-04,2025-07-30,599.0,Standard Renewal
TXN-1219-08,USER-1219,2025-04,2025-08-29,599.0,Standard Renewal
TXN-1219-09,USER-1219,2025-04,2025-09-28,599.0,Standard Renewal
TXN-1221-09,USER-1221,2025-09,2025-09-28,299.0,Standard Renewal
TXN-1221-10,USER-1221,2025-09,2025-10-28,299.0,Standard Renewal
TXN-1222-04,USER-1222,2025-05,2025-05-01,299.0,Standard Renewal
TXN-1222-05,USER-1222,2025-05,2025-05-31,299.0,Standard Renewal
TXN-1222-06,USER-1222,2025-05,2025-06-30,299.0,Standard Renewal
TXN-1222-07,USER-1222,2025-05,2025-07-30,388.7,Tier Upgrade
TXN-1222-08,USER-1222,2025-05,2025-08-29,299.0,Standard Renewal
TXN-1222-09,USER-1222,2025-05,2025-09-28,299.0,Standard Renewal
TXN-1222-10,USER-1222,2025-05,2025-10-28,299.0,Standard Renewal
TXN-1222-11,USER-1222,2025-05,2025-11-27,388.7,Tier Upgrade
TXN-1223-08,USER-1223,2025-08,2025-08-29,999.0,Standard Renewal
TXN-1223-09,USER-1223,2025-08,2025-09-28,1298.7,Tier Upgrade
TXN-1223-10,USER-1223,2025-08,2025-10-28,1298.7,Tier Upgrade
TXN-1223-11,USER-1223,2025-08,2025-11-27,999.0,Standard Renewal
TXN-1224-04,USER-1224,2025-05,2025-05-01,999.0,Standard Renewal
TXN-1224-05,USER-1224,2025-05,2025-05-31,999.0,Standard Renewal
TXN-1224-06,USER-1224,2025-05,2025-06-30,999.0,Standard Renewal
TXN-1225-02,USER-1225,2025-03,2025-03-02,299.0,Standard Renewal
TXN-1225-03,USER-1225,2025-03,2025-04-01,299.0,Standard Renewal
TXN-1225-04,USER-1225,2025-03,2025-05-01,299.0,Standard Renewal
TXN-1225-05,USER-1225,2025-03,2025-05-31,299.0,Standard Renewal
TXN-1225-06,USER-1225,2025-03,2025-06-30,299.0,Standard Renewal
TXN-1225-07,USER-1225,2025-03,2025-07-30,299.0,Standard Renewal
TXN-1225-08,USER-1225,2025-03,2025-08-29,299.0,Standard Renewal
TXN-1225-09,USER-1225,2025-03,2025-09-28,299.0,Standard Renewal
TXN-1225-10,USER-1225,2025-03,2025-10-28,299.0,Standard Renewal
TXN-1225-11,USER-1225,2025-03,2025-11-27,299.0,Standard Renewal
TXN-1226-03,USER-1226,2025-04,2025-04-01,299.0,Standard Renewal
TXN-1226-04,USER-1226,2025-04,2025-05-01,299.0,Standard Renewal
TXN-1226-05,USER-1226,2025-04,2025-05-31,299.0,Standard Renewal
TXN-1228-03,USER-1228,2025-04,2025-04-01,599.0,Standard Renewal
TXN-1228-04,USER-1228,2025-04,2025-05-01,599.0,Standard Renewal
TXN-1229-10,USER-1229,2025-10,2025-10-28,299.0,Standard Renewal
TXN-1229-11,USER-1229,2025-10,2025-11-27,299.0,Standard Renewal
TXN-1230-00,USER-1230,2025-01,2025-01-01,599.0,Standard Renewal
TXN-1230-01,USER-1230,2025-01,2025-01-31,599.0,Standard Renewal
TXN-1230-02,USER-1230,2025-01,2025-03-02,599.0,Standard Renewal
TXN-1230-03,USER-1230,2025-01,2025-04-01,599.0,Standard Renewal
TXN-1230-04,USER-1230,2025-01,2025-05-01,599.0,Standard Renewal
TXN-1230-05,USER-1230,2025-01,2025-05-31,599.0,Standard Renewal
TXN-1230-06,USER-1230,2025-01,2025-06-30,599.0,Standard Renewal
TXN-1230-07,USER-1230,2025-01,2025-07-30,599.0,Standard Renewal
TXN-1230-08,USER-1230,2025-01,2025-08-29,599.0,Standard Renewal
TXN-1230-09,USER-1230,2025-01,2025-09-28,599.0,Standard Renewal
TXN-1231-05,USER-1231,2025-05,2025-05-31,999.0,Standard Renewal
TXN-1231-06,USER-1231,2025-05,2025-06-30,999.0,Standard Renewal
TXN-1231-07,USER-1231,2025-05,2025-07-30,999.0,Standard Renewal
TXN-1232-09,USER-1232,2025-09,2025-09-28,299.0,Standard Renewal
TXN-1232-10,USER-1232,2025-09,2025-10-28,299.0,Standard Renewal
TXN-1232-11,USER-1232,2025-09,2025-11-27,299.0,Standard Renewal
TXN-1233-09,USER-1233,2025-09,2025-09-28,999.0,Standard Renewal
TXN-1233-10,USER-1233,2025-09,2025-10-28,999.0,Standard Renewal
TXN-1233-11,USER-1233,2025-09,2025-11-27,999.0,Standard Renewal
TXN-1234-11,USER-1234,2025-11,2025-11-27,999.0,Standard Renewal
TXN-1235-07,USER-1235,2025-07,2025-07-30,599.0,Standard Renewal
TXN-1235-08,USER-1235,2025-07,2025-08-29,599.0,Standard Renewal
TXN-1236-03,USER-1236,2025-04,2025-04-01,388.7,Tier Upgrade
TXN-1236-04,USER-1236,2025-04,2025-05-01,299.0,Standard Renewal
TXN-1236-05,USER-1236,2025-04,2025-05-31,299.0,Standard Renewal
TXN-1237-05,USER-1237,2025-05,2025-05-31,599.0,Standard Renewal
TXN-1237-06,USER-1237,2025-05,2025-06-30,599.0,Standard Renewal
TXN-1237-07,USER-1237,2025-05,2025-07-30,599.0,Standard Renewal
TXN-1237-08,USER-1237,2025-05,2025-08-29,599.0,Standard Renewal
TXN-1237-09,USER-1237,2025-05,2025-09-28,778.7,Tier Upgrade
TXN-1237-10,USER-1237,2025-05,2025-10-28,599.0,Standard Renewal
TXN-1237-11,USER-1237,2025-05,2025-11-27,778.7,Tier Upgrade
TXN-1238-03,USER-1238,2025-04,2025-04-01,1298.7,Tier Upgrade
TXN-1238-04,USER-1238,2025-04,2025-05-01,999.0,Standard Renewal
TXN-1238-05,USER-1238,2025-04,2025-05-31,999.0,Standard Renewal
TXN-1238-06,USER-1238,2025-04,2025-06-30,999.0,Standard Renewal
TXN-1239-05,USER-1239,2025-05,2025-05-31,999.0,Standard Renewal
TXN-1239-06,USER-1239,2025-05,2025-06-30,1298.7,Tier Upgrade
TXN-1239-07,USER-1239,2025-05,2025-07-30,999.0,Standard Renewal
TXN-1239-08,USER-1239,2025-05,2025-08-29,999.0,Standard Renewal
TXN-1239-09,USER-1239,2025-05,2025-09-28,999.0,Standard Renewal
TXN-1239-10,USER-1239,2025-05,2025-10-28,999.0,Standard Renewal
TXN-1239-11,USER-1239,2025-05,2025-11-27,999.0,Standard Renewal
TXN-1240-05,USER-1240,2025-05,2025-05-31,299.0,Standard Renewal
TXN-1240-06,USER-1240,2025-05,2025-06-30,299.0,Standard Renewal
TXN-1241-09,USER-1241,2025-09,2025-09-28,599.0,Standard Renewal
TXN-1241-10,USER-1241,2025-09,2025-10-28,599.0,Standard Renewal
TXN-1241-11,USER-1241,2025-09,2025-11-27,419.3,Contraction
TXN-1242-03,USER-1242,2025-04,2025-04-01,388.7,Tier Upgrade
TXN-1242-04,USER-1242,2025-04,2025-05-01,299.0,Standard Renewal
TXN-1242-05,USER-1242,2025-04,2025-05-31,299.0,Standard Renewal
TXN-1242-06,USER-1242,2025-04,2025-06-30,209.3,Contraction
TXN-1243-06,USER-1243,2025-06,2025-06-30,1298.7,Tier Upgrade
TXN-1243-07,USER-1243,2025-06,2025-07-30,999.0,Standard Renewal
TXN-1243-08,USER-1243,2025-06,2025-08-29,999.0,Standard Renewal
TXN-1243-09,USER-1243,2025-06,2025-09-28,999.0,Standard Renewal
TXN-1243-10,USER-1243,2025-06,2025-10-28,699.3,Contraction
TXN-1243-11,USER-1243,2025-06,2025-11-27,999.0,Standard Renewal
TXN-1244-04,USER-1244,2025-05,2025-05-01,599.0,Standard Renewal
TXN-1244-05,USER-1244,2025-05,2025-05-31,599.0,Standard Renewal
TXN-1244-06,USER-1244,2025-05,2025-06-30,599.0,Standard Renewal
TXN-1244-07,USER-1244,2025-05,2025-07-30,599.0,Standard Renewal
TXN-1244-08,USER-1244,2025-05,2025-08-29,599.0,Standard Renewal
TXN-1244-09,USER-1244,2025-05,2025-09-28,599.0,Standard Renewal
TXN-1244-10,USER-1244,2025-05,2025-10-28,599.0,Standard Renewal
TXN-1244-11,USER-1244,2025-05,2025-11-27,599.0,Standard Renewal
TXN-1245-03,USER-1245,2025-04,2025-04-01,999.0,Standard Renewal
TXN-1245-04,USER-1245,2025-04,2025-05-01,999.0,Standard Renewal
TXN-1246-08,USER-1246,2025-08,2025-08-29,999.0,Standard Renewal
TXN-1246-09,USER-1246,2025-08,2025-09-28,999.0,Standard Renewal
TXN-1246-10,USER-1246,2025-08,2025-10-28,999.0,Standard Renewal
TXN-1246-11,USER-1246,2025-08,2025-11-27,999.0,Standard Renewal
TXN-1247-09,USER-1247,2025-09,2025-09-28,999.0,Standard Renewal
TXN-1247-10,USER-1247,2025-09,2025-10-28,1298.7,Tier Upgrade
TXN-1247-11,USER-1247,2025-09,2025-11-27,999.0,Standard Renewal
TXN-1248-08,USER-1248,2025-08,2025-08-29,299.0,Standard Renewal
TXN-1248-09,USER-1248,2025-08,2025-09-28,299.0,Standard Renewal
TXN-1248-10,USER-1248,2025-08,2025-10-28,209.3,Contraction
TXN-1248-11,USER-1248,2025-08,2025-11-27,299.0,Standard Renewal
TXN-1249-05,USER-1249,2025-05,2025-05-31,999.0,Standard Renewal
TXN-1249-06,USER-1249,2025-05,2025-06-30,999.0,Standard Renewal
TXN-1249-07,USER-1249,2025-05,2025-07-30,999.0,Standard Renewal
TXN-1249-08,USER-1249,2025-05,2025-08-29,999.0,Standard Renewal
TXN-1249-09,USER-1249,2025-05,2025-09-28,999.0,Standard Renewal
TXN-1249-10,USER-1249,2025-05,2025-10-28,999.0,Standard Renewal
TXN-1249-11,USER-1249,2025-05,2025-11-27,999.0,Standard Renewal
TXN-1250-07,USER-1250,2025-07,2025-07-30,599.0,Standard Renewal
TXN-1250-08,USER-1250,2025-07,2025-08-29,599.0,Standard Renewal
TXN-1250-09,USER-1250,2025-07,2025-09-28,599.0,Standard Renewal
TXN-1250-10,USER-1250,2025-07,2025-10-28,599.0,Standard Renewal
TXN-1250-11,USER-1250,2025-07,2025-11-27,599.0,Standard Renewal
TXN-1251-08,USER-1251,2025-08,2025-08-29,299.0,Standard Renewal
TXN-1251-09,USER-1251,2025-08,2025-09-28,299.0,Standard Renewal
TXN-1251-10,USER-1251,2025-08,2025-10-28,299.0,Standard Renewal
TXN-1251-11,USER-1251,2025-08,2025-11-27,388.7,Tier Upgrade
TXN-1252-07,USER-1252,2025-07,2025-07-30,599.0,Standard Renewal
TXN-1252-08,USER-1252,2025-07,2025-08-29,599.0,Standard Renewal
TXN-1252-09,USER-1252,2025-07,2025-09-28,599.0,Standard Renewal
TXN-1252-10,USER-1252,2025-07,2025-10-28,599.0,Standard Renewal
TXN-1252-11,USER-1252,2025-07,2025-11-27,599.0,Standard Renewal
TXN-1253-05,USER-1253,2025-05,2025-05-31,299.0,Standard Renewal
TXN-1253-06,USER-1253,2025-05,2025-06-30,388.7,Tier Upgrade
TXN-1253-07,USER-1253,2025-05,2025-07-30,299.0,Standard Renewal
TXN-1253-08,USER-1253,2025-05,2025-08-29,299.0,Standard Renewal
TXN-1253-09,USER-1253,2025-05,2025-09-28,299.0,Standard Renewal
TXN-1254-03,USER-1254,2025-04,2025-04-01,1298.7,Tier Upgrade
TXN-1254-04,USER-1254,2025-04,2025-05-01,999.0,Standard Renewal
TXN-1254-05,USER-1254,2025-04,2025-05-31,999.0,Standard Renewal
TXN-1254-06,USER-1254,2025-04,2025-06-30,1298.7,Tier Upgrade
TXN-1255-00,USER-1255,2025-01,2025-01-01,299.0,Standard Renewal
TXN-1255-01,USER-1255,2025-01,2025-01-31,299.0,Standard Renewal
TXN-1255-02,USER-1255,2025-01,2025-03-02,299.0,Standard Renewal
TXN-1255-03,USER-1255,2025-01,2025-04-01,299.0,Standard Renewal
TXN-1255-04,USER-1255,2025-01,2025-05-01,299.0,Standard Renewal
TXN-1255-05,USER-1255,2025-01,2025-05-31,299.0,Standard Renewal
TXN-1255-06,USER-1255,2025-01,2025-06-30,299.0,Standard Renewal
TXN-1255-07,USER-1255,2025-01,2025-07-30,299.0,Standard Renewal
TXN-1255-08,USER-1255,2025-01,2025-08-29,299.0,Standard Renewal
TXN-1256-07,USER-1256,2025-07,2025-07-30,299.0,Standard Renewal
TXN-1256-08,USER-1256,2025-07,2025-08-29,299.0,Standard Renewal
TXN-1256-09,USER-1256,2025-07,2025-09-28,299.0,Standard Renewal
TXN-1256-10,USER-1256,2025-07,2025-10-28,299.0,Standard Renewal
TXN-1256-11,USER-1256,2025-07,2025-11-27,299.0,Standard Renewal
TXN-1257-08,USER-1257,2025-08,2025-08-29,999.0,Standard Renewal
TXN-1257-09,USER-1257,2025-08,2025-09-28,1298.7,Tier Upgrade
TXN-1257-10,USER-1257,2025-08,2025-10-28,999.0,Standard Renewal
TXN-1258-06,USER-1258,2025-06,2025-06-30,1298.7,Tier Upgrade
TXN-1258-07,USER-1258,2025-06,2025-07-30,1298.7,Tier Upgrade
TXN-1258-08,USER-1258,2025-06,2025-08-29,699.3,Contraction
TXN-1258-09,USER-1258,2025-06,2025-09-28,1298.7,Tier Upgrade
TXN-1259-09,USER-1259,2025-09,2025-09-28,299.0,Standard Renewal
TXN-1259-10,USER-1259,2025-09,2025-10-28,299.0,Standard Renewal
TXN-1259-11,USER-1259,2025-09,2025-11-27,299.0,Standard Renewal
TXN-1260-02,USER-1260,2025-03,2025-03-02,599.0,Standard Renewal
TXN-1260-03,USER-1260,2025-03,2025-04-01,599.0,Standard Renewal
TXN-1260-04,USER-1260,2025-03,2025-05-01,599.0,Standard Renewal
TXN-1260-05,USER-1260,2025-03,2025-05-31,778.7,Tier Upgrade
TXN-1261-08,USER-1261,2025-08,2025-08-29,599.0,Standard Renewal
TXN-1261-09,USER-1261,2025-08,2025-09-28,599.0,Standard Renewal
TXN-1261-10,USER-1261,2025-08,2025-10-28,599.0,Standard Renewal
TXN-1261-11,USER-1261,2025-08,2025-11-27,599.0,Standard Renewal
TXN-1262-05,USER-1262,2025-05,2025-05-31,209.3,Contraction
TXN-1262-06,USER-1262,2025-05,2025-06-30,299.0,Standard Renewal
TXN-1262-07,USER-1262,2025-05,2025-07-30,299.0,Standard Renewal
TXN-1262-08,USER-1262,2025-05,2025-08-29,388.7,Tier Upgrade
TXN-1263-07,USER-1263,2025-07,2025-07-30,599.0,Standard Renewal
TXN-1263-08,USER-1263,2025-07,2025-08-29,599.0,Standard Renewal
TXN-1263-09,USER-1263,2025-07,2025-09-28,599.0,Standard Renewal
TXN-1263-10,USER-1263,2025-07,2025-10-28,599.0,Standard Renewal
TXN-1263-11,USER-1263,2025-07,2025-11-27,599.0,Standard Renewal
TXN-1265-05,USER-1265,2025-05,2025-05-31,599.0,Standard Renewal
TXN-1265-06,USER-1265,2025-05,2025-06-30,599.0,Standard Renewal
TXN-1265-07,USER-1265,2025-05,2025-07-30,599.0,Standard Renewal
TXN-1266-07,USER-1266,2025-07,2025-07-30,299.0,Standard Renewal
TXN-1266-08,USER-1266,2025-07,2025-08-29,299.0,Standard Renewal
TXN-1266-09,USER-1266,2025-07,2025-09-28,299.0,Standard Renewal
TXN-1266-10,USER-1266,2025-07,2025-10-28,209.3,Contraction
TXN-1266-11,USER-1266,2025-07,2025-11-27,209.3,Contraction
TXN-1267-10,USER-1267,2025-10,2025-10-28,599.0,Standard Renewal
TXN-1267-11,USER-1267,2025-10,2025-11-27,599.0,Standard Renewal
TXN-1268-01,USER-1268,2025-01,2025-01-31,599.0,Standard Renewal
TXN-1268-02,USER-1268,2025-01,2025-03-02,778.7,Tier Upgrade
TXN-1268-03,USER-1268,2025-01,2025-04-01,599.0,Standard Renewal
TXN-1268-04,USER-1268,2025-01,2025-05-01,599.0,Standard Renewal
TXN-1268-05,USER-1268,2025-01,2025-05-31,599.0,Standard Renewal
TXN-1269-09,USER-1269,2025-09,2025-09-28,299.0,Standard Renewal
TXN-1269-10,USER-1269,2025-09,2025-10-28,299.0,Standard Renewal
TXN-1269-11,USER-1269,2025-09,2025-11-27,299.0,Standard Renewal
TXN-1270-07,USER-1270,2025-07,2025-07-30,999.0,Standard Renewal
TXN-1270-08,USER-1270,2025-07,2025-08-29,999.0,Standard Renewal
TXN-1270-09,USER-1270,2025-07,2025-09-28,999.0,Standard Renewal
TXN-1270-10,USER-1270,2025-07,2025-10-28,999.0,Standard Renewal
TXN-1270-11,USER-1270,2025-07,2025-11-27,999.0,Standard Renewal
TXN-1271-10,USER-1271,2025-10,2025-10-28,599.0,Standard Renewal
TXN-1271-11,USER-1271,2025-10,2025-11-27,599.0,Standard Renewal
TXN-1272-03,USER-1272,2025-04,2025-04-01,699.3,Contraction
TXN-1272-04,USER-1272,2025-04,2025-05-01,1298.7,Tier Upgrade
TXN-1272-05,USER-1272,2025-04,2025-05-31,999.0,Standard Renewal
TXN-1272-06,USER-1272,2025-04,2025-06-30,1298.7,Tier Upgrade
TXN-1272-07,USER-1272,2025-04,2025-07-30,999.0,Standard Renewal
TXN-1272-08,USER-1272,2025-04,2025-08-29,999.0,Standard Renewal
TXN-1272-09,USER-1272,2025-04,2025-09-28,699.3,Contraction
TXN-1272-10,USER-1272,2025-04,2025-10-28,999.0,Standard Renewal
TXN-1272-11,USER-1272,2025-04,2025-11-27,999.0,Standard Renewal
TXN-1273-09,USER-1273,2025-09,2025-09-28,299.0,Standard Renewal
TXN-1273-10,USER-1273,2025-09,2025-10-28,299.0,Standard Renewal
TXN-1273-11,USER-1273,2025-09,2025-11-27,299.0,Standard Renewal
TXN-1274-00,USER-1274,2025-01,2025-01-01,299.0,Standard Renewal
TXN-1274-01,USER-1274,2025-01,2025-01-31,299.0,Standard Renewal
TXN-1274-02,USER-1274,2025-01,2025-03-02,299.0,Standard Renewal
TXN-1274-03,USER-1274,2025-01,2025-04-01,299.0,Standard Renewal
TXN-1274-04,USER-1274,2025-01,2025-05-01,299.0,Standard Renewal
TXN-1274-05,USER-1274,2025-01,2025-05-31,299.0,Standard Renewal
TXN-1274-06,USER-1274,2025-01,2025-06-30,299.0,Standard Renewal
TXN-1274-07,USER-1274,2025-01,2025-07-30,299.0,Standard Renewal
TXN-1275-00,USER-1275,2025-01,2025-01-01,999.0,Standard Renewal
TXN-1275-01,USER-1275,2025-01,2025-01-31,999.0,Standard Renewal
TXN-1275-02,USER-1275,2025-01,2025-03-02,699.3,Contraction
TXN-1275-03,USER-1275,2025-01,2025-04-01,999.0,Standard Renewal
TXN-1275-04,USER-1275,2025-01,2025-05-01,999.0,Standard Renewal
TXN-1275-05,USER-1275,2025-01,2025-05-31,999.0,Standard Renewal
TXN-1275-06,USER-1275,2025-01,2025-06-30,999.0,Standard Renewal
TXN-1275-07,USER-1275,2025-01,2025-07-30,999.0,Standard Renewal
TXN-1275-08,USER-1275,2025-01,2025-08-29,999.0,Standard Renewal
TXN-1275-09,USER-1275,2025-01,2025-09-28,1298.7,Tier Upgrade
TXN-1275-10,USER-1275,2025-01,2025-10-28,999.0,Standard Renewal
TXN-1275-11,USER-1275,2025-01,2025-11-27,999.0,Standard Renewal
TXN-1276-02,USER-1276,2025-03,2025-03-02,999.0,Standard Renewal
TXN-1276-03,USER-1276,2025-03,2025-04-01,999.0,Standard Renewal
TXN-1276-04,USER-1276,2025-03,2025-05-01,999.0,Standard Renewal
TXN-1276-05,USER-1276,2025-03,2025-05-31,999.0,Standard Renewal
TXN-1276-06,USER-1276,2025-03,2025-06-30,999.0,Standard Renewal
TXN-1276-07,USER-1276,2025-03,2025-07-30,999.0,Standard Renewal
TXN-1276-08,USER-1276,2025-03,2025-08-29,999.0,Standard Renewal
TXN-1276-09,USER-1276,2025-03,2025-09-28,999.0,Standard Renewal
TXN-1278-00,USER-1278,2025-01,2025-01-01,999.0,Standard Renewal
TXN-1278-01,USER-1278,2025-01,2025-01-31,999.0,Standard Renewal
TXN-1278-02,USER-1278,2025-01,2025-03-02,699.3,Contraction
TXN-1278-03,USER-1278,2025-01,2025-04-01,999.0,Standard Renewal
TXN-1278-04,USER-1278,2025-01,2025-05-01,999.0,Standard Renewal
TXN-1278-05,USER-1278,2025-01,2025-05-31,999.0,Standard Renewal
TXN-1278-06,USER-1278,2025-01,2025-06-30,999.0,Standard Renewal
TXN-1278-07,USER-1278,2025-01,2025-07-30,999.0,Standard Renewal
TXN-1278-08,USER-1278,2025-01,2025-08-29,999.0,Standard Renewal
TXN-1278-09,USER-1278,2025-01,2025-09-28,999.0,Standard Renewal
TXN-1278-10,USER-1278,2025-01,2025-10-28,999.0,Standard Renewal
TXN-1278-11,USER-1278,2025-01,2025-11-27,999.0,Standard Renewal
TXN-1279-07,USER-1279,2025-07,2025-07-30,599.0,Standard Renewal
TXN-1279-08,USER-1279,2025-07,2025-08-29,599.0,Standard Renewal
TXN-1279-09,USER-1279,2025-07,2025-09-28,599.0,Standard Renewal
TXN-1279-10,USER-1279,2025-07,2025-10-28,778.7,Tier Upgrade
TXN-1279-11,USER-1279,2025-07,2025-11-27,778.7,Tier Upgrade
TXN-1280-09,USER-1280,2025-09,2025-09-28,299.0,Standard Renewal
TXN-1280-10,USER-1280,2025-09,2025-10-28,299.0,Standard Renewal
TXN-1280-11,USER-1280,2025-09,2025-11-27,299.0,Standard Renewal
TXN-1281-10,USER-1281,2025-10,2025-10-28,599.0,Standard Renewal
TXN-1281-11,USER-1281,2025-10,2025-11-27,599.0,Standard Renewal
TXN-1282-08,USER-1282,2025-08,2025-08-29,999.0,Standard Renewal
TXN-1283-07,USER-1283,2025-07,2025-07-30,299.0,Standard Renewal
TXN-1283-08,USER-1283,2025-07,2025-08-29,299.0,Standard Renewal
TXN-1283-09,USER-1283,2025-07,2025-09-28,299.0,Standard Renewal
TXN-1283-10,USER-1283,2025-07,2025-10-28,299.0,Standard Renewal
TXN-1283-11,USER-1283,2025-07,2025-11-27,299.0,Standard Renewal
TXN-1284-11,USER-1284,2025-11,2025-11-27,599.0,Standard Renewal
TXN-1285-02,USER-1285,2025-03,2025-03-02,299.0,Standard Renewal
TXN-1285-03,USER-1285,2025-03,2025-04-01,299.0,Standard Renewal
TXN-1285-04,USER-1285,2025-03,2025-05-01,299.0,Standard Renewal
TXN-1285-05,USER-1285,2025-03,2025-05-31,299.0,Standard Renewal
TXN-1285-06,USER-1285,2025-03,2025-06-30,299.0,Standard Renewal
TXN-1285-07,USER-1285,2025-03,2025-07-30,299.0,Standard Renewal
TXN-1285-08,USER-1285,2025-03,2025-08-29,299.0,Standard Renewal
TXN-1286-00,USER-1286,2025-01,2025-01-01,599.0,Standard Renewal
TXN-1286-01,USER-1286,2025-01,2025-01-31,599.0,Standard Renewal
TXN-1286-02,USER-1286,2025-01,2025-03-02,599.0,Standard Renewal
TXN-1286-03,USER-1286,2025-01,2025-04-01,778.7,Tier Upgrade
TXN-1286-04,USER-1286,2025-01,2025-05-01,599.0,Standard Renewal
TXN-1286-05,USER-1286,2025-01,2025-05-31,599.0,Standard Renewal
TXN-1286-06,USER-1286,2025-01,2025-06-30,599.0,Standard Renewal
TXN-1286-07,USER-1286,2025-01,2025-07-30,599.0,Standard Renewal
TXN-1286-08,USER-1286,2025-01,2025-08-29,599.0,Standard Renewal
TXN-1286-09,USER-1286,2025-01,2025-09-28,599.0,Standard Renewal
TXN-1287-03,USER-1287,2025-04,2025-04-01,599.0,Standard Renewal
TXN-1288-05,USER-1288,2025-05,2025-05-31,599.0,Standard Renewal
TXN-1288-06,USER-1288,2025-05,2025-06-30,599.0,Standard Renewal
TXN-1288-07,USER-1288,2025-05,2025-07-30,599.0,Standard Renewal
TXN-1288-08,USER-1288,2025-05,2025-08-29,599.0,Standard Renewal
TXN-1288-09,USER-1288,2025-05,2025-09-28,599.0,Standard Renewal
TXN-1288-10,USER-1288,2025-05,2025-10-28,599.0,Standard Renewal
TXN-1288-11,USER-1288,2025-05,2025-11-27,599.0,Standard Renewal
TXN-1289-05,USER-1289,2025-05,2025-05-31,999.0,Standard Renewal
TXN-1289-06,USER-1289,2025-05,2025-06-30,999.0,Standard Renewal
TXN-1289-07,USER-1289,2025-05,2025-07-30,999.0,Standard Renewal
TXN-1290-00,USER-1290,2025-01,2025-01-01,999.0,Standard Renewal
TXN-1290-01,USER-1290,2025-01,2025-01-31,999.0,Standard Renewal
TXN-1290-02,USER-1290,2025-01,2025-03-02,999.0,Standard Renewal
TXN-1291-07,USER-1291,2025-07,2025-07-30,599.0,Standard Renewal
TXN-1291-08,USER-1291,2025-07,2025-08-29,419.3,Contraction
TXN-1291-09,USER-1291,2025-07,2025-09-28,599.0,Standard Renewal
TXN-1291-10,USER-1291,2025-07,2025-10-28,599.0,Standard Renewal
TXN-1292-02,USER-1292,2025-03,2025-03-02,999.0,Standard Renewal
TXN-1292-03,USER-1292,2025-03,2025-04-01,999.0,Standard Renewal
TXN-1292-04,USER-1292,2025-03,2025-05-01,999.0,Standard Renewal
TXN-1292-05,USER-1292,2025-03,2025-05-31,999.0,Standard Renewal
TXN-1292-06,USER-1292,2025-03,2025-06-30,999.0,Standard Renewal
TXN-1292-07,USER-1292,2025-03,2025-07-30,999.0,Standard Renewal
TXN-1292-08,USER-1292,2025-03,2025-08-29,1298.7,Tier Upgrade
TXN-1292-09,USER-1292,2025-03,2025-09-28,1298.7,Tier Upgrade
TXN-1292-10,USER-1292,2025-03,2025-10-28,999.0,Standard Renewal
TXN-1292-11,USER-1292,2025-03,2025-11-27,999.0,Standard Renewal
TXN-1293-10,USER-1293,2025-10,2025-10-28,299.0,Standard Renewal
TXN-1293-11,USER-1293,2025-10,2025-11-27,299.0,Standard Renewal
TXN-1294-05,USER-1294,2025-05,2025-05-31,999.0,Standard Renewal
TXN-1294-06,USER-1294,2025-05,2025-06-30,999.0,Standard Renewal
TXN-1294-07,USER-1294,2025-05,2025-07-30,999.0,Standard Renewal
TXN-1294-08,USER-1294,2025-05,2025-08-29,999.0,Standard Renewal
TXN-1294-09,USER-1294,2025-05,2025-09-28,699.3,Contraction
TXN-1295-11,USER-1295,2025-11,2025-11-27,599.0,Standard Renewal
TXN-1296-09,USER-1296,2025-09,2025-09-28,599.0,Standard Renewal
TXN-1296-10,USER-1296,2025-09,2025-10-28,599.0,Standard Renewal
TXN-1296-11,USER-1296,2025-09,2025-11-27,599.0,Standard Renewal
TXN-1297-10,USER-1297,2025-10,2025-10-28,599.0,Standard Renewal
TXN-1297-11,USER-1297,2025-10,2025-11-27,599.0,Standard Renewal
TXN-1298-06,USER-1298,2025-06,2025-06-30,599.0,Standard Renewal
TXN-1298-07,USER-1298,2025-06,2025-07-30,599.0,Standard Renewal
TXN-1298-08,USER-1298,2025-06,2025-08-29,599.0,Standard Renewal
TXN-1298-09,USER-1298,2025-06,2025-09-28,778.7,Tier Upgrade
TXN-1299-09,USER-1299,2025-09,2025-09-28,299.0,Standard Renewal
TXN-1299-10,USER-1299,2025-09,2025-10-28,299.0,Standard Renewal
TXN-1299-11,USER-1299,2025-09,2025-11-27,299.0,Standard Renewal
TXN-1300-06,USER-1300,2025-06,2025-06-30,299.0,Standard Renewal
TXN-1300-07,USER-1300,2025-06,2025-07-30,299.0,Standard Renewal
TXN-1300-08,USER-1300,2025-06,2025-08-29,299.0,Standard Renewal
TXN-1300-09,USER-1300,2025-06,2025-09-28,299.0,Standard Renewal
TXN-1300-10,USER-1300,2025-06,2025-10-28,299.0,Standard Renewal
TXN-1300-11,USER-1300,2025-06,2025-11-27,299.0,Standard Renewal
TXN-1301-04,USER-1301,2025-05,2025-05-01,419.3,Contraction
TXN-1301-05,USER-1301,2025-05,2025-05-31,599.0,Standard Renewal
TXN-1301-06,USER-1301,2025-05,2025-06-30,599.0,Standard Renewal
TXN-1302-09,USER-1302,2025-09,2025-09-28,999.0,Standard Renewal
TXN-1302-10,USER-1302,2025-09,2025-10-28,999.0,Standard Renewal
TXN-1302-11,USER-1302,2025-09,2025-11-27,999.0,Standard Renewal
TXN-1303-05,USER-1303,2025-05,2025-05-31,999.0,Standard Renewal
TXN-1303-06,USER-1303,2025-05,2025-06-30,999.0,Standard Renewal
TXN-1303-07,USER-1303,2025-05,2025-07-30,999.0,Standard Renewal
TXN-1303-08,USER-1303,2025-05,2025-08-29,999.0,Standard Renewal
TXN-1303-09,USER-1303,2025-05,2025-09-28,999.0,Standard Renewal
TXN-1304-11,USER-1304,2025-11,2025-11-27,778.7,Tier Upgrade
TXN-1305-09,USER-1305,2025-09,2025-09-28,299.0,Standard Renewal
TXN-1305-10,USER-1305,2025-09,2025-10-28,299.0,Standard Renewal
TXN-1305-11,USER-1305,2025-09,2025-11-27,388.7,Tier Upgrade
TXN-1306-00,USER-1306,2025-01,2025-01-01,999.0,Standard Renewal
TXN-1306-01,USER-1306,2025-01,2025-01-31,999.0,Standard Renewal
TXN-1306-02,USER-1306,2025-01,2025-03-02,699.3,Contraction
TXN-1306-03,USER-1306,2025-01,2025-04-01,999.0,Standard Renewal
TXN-1306-04,USER-1306,2025-01,2025-05-01,999.0,Standard Renewal
TXN-1306-05,USER-1306,2025-01,2025-05-31,999.0,Standard Renewal
TXN-1306-06,USER-1306,2025-01,2025-06-30,999.0,Standard Renewal
TXN-1307-06,USER-1307,2025-06,2025-06-30,999.0,Standard Renewal
TXN-1307-07,USER-1307,2025-06,2025-07-30,999.0,Standard Renewal
TXN-1307-08,USER-1307,2025-06,2025-08-29,999.0,Standard Renewal
TXN-1307-09,USER-1307,2025-06,2025-09-28,999.0,Standard Renewal
TXN-1307-10,USER-1307,2025-06,2025-10-28,999.0,Standard Renewal
TXN-1307-11,USER-1307,2025-06,2025-11-27,999.0,Standard Renewal
TXN-1308-05,USER-1308,2025-05,2025-05-31,999.0,Standard Renewal
TXN-1308-06,USER-1308,2025-05,2025-06-30,999.0,Standard Renewal
TXN-1308-07,USER-1308,2025-05,2025-07-30,999.0,Standard Renewal
TXN-1308-08,USER-1308,2025-05,2025-08-29,1298.7,Tier Upgrade
TXN-1308-09,USER-1308,2025-05,2025-09-28,999.0,Standard Renewal
TXN-1308-10,USER-1308,2025-05,2025-10-28,999.0,Standard Renewal
TXN-1308-11,USER-1308,2025-05,2025-11-27,999.0,Standard Renewal
TXN-1309-00,USER-1309,2025-01,2025-01-01,999.0,Standard Renewal
TXN-1309-01,USER-1309,2025-01,2025-01-31,999.0,Standard Renewal
TXN-1309-02,USER-1309,2025-01,2025-03-02,999.0,Standard Renewal
TXN-1309-03,USER-1309,2025-01,2025-04-01,999.0,Standard Renewal
TXN-1310-09,USER-1310,2025-09,2025-09-28,599.0,Standard Renewal
TXN-1310-10,USER-1310,2025-09,2025-10-28,599.0,Standard Renewal
TXN-1310-11,USER-1310,2025-09,2025-11-27,599.0,Standard Renewal
TXN-1311-07,USER-1311,2025-07,2025-07-30,599.0,Standard Renewal
TXN-1311-08,USER-1311,2025-07,2025-08-29,599.0,Standard Renewal
TXN-1311-09,USER-1311,2025-07,2025-09-28,419.3,Contraction
TXN-1311-10,USER-1311,2025-07,2025-10-28,599.0,Standard Renewal
TXN-1311-11,USER-1311,2025-07,2025-11-27,599.0,Standard Renewal
TXN-1312-00,USER-1312,2025-01,2025-01-01,599.0,Standard Renewal
TXN-1312-01,USER-1312,2025-01,2025-01-31,599.0,Standard Renewal
TXN-1313-04,USER-1313,2025-05,2025-05-01,999.0,Standard Renewal
TXN-1313-05,USER-1313,2025-05,2025-05-31,999.0,Standard Renewal
TXN-1313-06,USER-1313,2025-05,2025-06-30,999.0,Standard Renewal
TXN-1313-07,USER-1313,2025-05,2025-07-30,999.0,Standard Renewal
TXN-1313-08,USER-1313,2025-05,2025-08-29,1298.7,Tier Upgrade
TXN-1313-09,USER-1313,2025-05,2025-09-28,999.0,Standard Renewal
TXN-1313-10,USER-1313,2025-05,2025-10-28,999.0,Standard Renewal
TXN-1313-11,USER-1313,2025-05,2025-11-27,999.0,Standard Renewal
TXN-1314-08,USER-1314,2025-08,2025-08-29,299.0,Standard Renewal
TXN-1314-09,USER-1314,2025-08,2025-09-28,299.0,Standard Renewal
TXN-1314-10,USER-1314,2025-08,2025-10-28,299.0,Standard Renewal
TXN-1314-11,USER-1314,2025-08,2025-11-27,299.0,Standard Renewal
TXN-1315-09,USER-1315,2025-09,2025-09-28,388.7,Tier Upgrade
TXN-1315-10,USER-1315,2025-09,2025-10-28,299.0,Standard Renewal
TXN-1315-11,USER-1315,2025-09,2025-11-27,299.0,Standard Renewal
TXN-1316-07,USER-1316,2025-07,2025-07-30,299.0,Standard Renewal
TXN-1316-08,USER-1316,2025-07,2025-08-29,299.0,Standard Renewal
TXN-1317-06,USER-1317,2025-06,2025-06-30,999.0,Standard Renewal
TXN-1317-07,USER-1317,2025-06,2025-07-30,1298.7,Tier Upgrade
TXN-1317-08,USER-1317,2025-06,2025-08-29,999.0,Standard Renewal
TXN-1317-09,USER-1317,2025-06,2025-09-28,999.0,Standard Renewal
TXN-1317-10,USER-1317,2025-06,2025-10-28,699.3,Contraction
TXN-1317-11,USER-1317,2025-06,2025-11-27,999.0,Standard Renewal
TXN-1318-06,USER-1318,2025-06,2025-06-30,599.0,Standard Renewal
TXN-1318-07,USER-1318,2025-06,2025-07-30,599.0,Standard Renewal
TXN-1319-07,USER-1319,2025-07,2025-07-30,299.0,Standard Renewal
TXN-1319-08,USER-1319,2025-07,2025-08-29,299.0,Standard Renewal
TXN-1320-07,USER-1320,2025-07,2025-07-30,999.0,Standard Renewal
TXN-1320-08,USER-1320,2025-07,2025-08-29,999.0,Standard Renewal
TXN-1320-09,USER-1320,2025-07,2025-09-28,999.0,Standard Renewal
TXN-1320-10,USER-1320,2025-07,2025-10-28,999.0,Standard Renewal
TXN-1320-11,USER-1320,2025-07,2025-11-27,999.0,Standard Renewal
TXN-1321-04,USER-1321,2025-05,2025-05-01,699.3,Contraction
TXN-1321-05,USER-1321,2025-05,2025-05-31,999.0,Standard Renewal
TXN-1321-06,USER-1321,2025-05,2025-06-30,999.0,Standard Renewal
TXN-1321-07,USER-1321,2025-05,2025-07-30,999.0,Standard Renewal
TXN-1321-08,USER-1321,2025-05,2025-08-29,999.0,Standard Renewal
TXN-1321-09,USER-1321,2025-05,2025-09-28,999.0,Standard Renewal
TXN-1322-02,USER-1322,2025-03,2025-03-02,599.0,Standard Renewal
TXN-1322-03,USER-1322,2025-03,2025-04-01,599.0,Standard Renewal
TXN-1322-04,USER-1322,2025-03,2025-05-01,599.0,Standard Renewal
TXN-1322-05,USER-1322,2025-03,2025-05-31,599.0,Standard Renewal
TXN-1322-06,USER-1322,2025-03,2025-06-30,599.0,Standard Renewal
TXN-1322-07,USER-1322,2025-03,2025-07-30,599.0,Standard Renewal
TXN-1322-08,USER-1322,2025-03,2025-08-29,599.0,Standard Renewal
TXN-1323-06,USER-1323,2025-06,2025-06-30,999.0,Standard Renewal
TXN-1323-07,USER-1323,2025-06,2025-07-30,999.0,Standard Renewal
TXN-1323-08,USER-1323,2025-06,2025-08-29,999.0,Standard Renewal
TXN-1324-06,USER-1324,2025-06,2025-06-30,999.0,Standard Renewal
TXN-1324-07,USER-1324,2025-06,2025-07-30,999.0,Standard Renewal
TXN-1324-08,USER-1324,2025-06,2025-08-29,999.0,Standard Renewal
TXN-1325-01,USER-1325,2025-01,2025-01-31,299.0,Standard Renewal
TXN-1325-02,USER-1325,2025-01,2025-03-02,299.0,Standard Renewal
TXN-1325-03,USER-1325,2025-01,2025-04-01,299.0,Standard Renewal
TXN-1325-04,USER-1325,2025-01,2025-05-01,299.0,Standard Renewal
TXN-1325-05,USER-1325,2025-01,2025-05-31,299.0,Standard Renewal
TXN-1326-09,USER-1326,2025-09,2025-09-28,299.0,Standard Renewal
TXN-1327-00,USER-1327,2025-01,2025-01-01,999.0,Standard Renewal
TXN-1327-01,USER-1327,2025-01,2025-01-31,999.0,Standard Renewal
TXN-1327-02,USER-1327,2025-01,2025-03-02,999.0,Standard Renewal
TXN-1327-03,USER-1327,2025-01,2025-04-01,999.0,Standard Renewal
TXN-1327-04,USER-1327,2025-01,2025-05-01,999.0,Standard Renewal
TXN-1328-05,USER-1328,2025-05,2025-05-31,599.0,Standard Renewal
TXN-1328-06,USER-1328,2025-05,2025-06-30,599.0,Standard Renewal
TXN-1328-07,USER-1328,2025-05,2025-07-30,599.0,Standard Renewal
TXN-1328-08,USER-1328,2025-05,2025-08-29,599.0,Standard Renewal
TXN-1328-09,USER-1328,2025-05,2025-09-28,599.0,Standard Renewal
TXN-1328-10,USER-1328,2025-05,2025-10-28,419.3,Contraction
TXN-1328-11,USER-1328,2025-05,2025-11-27,599.0,Standard Renewal
TXN-1329-06,USER-1329,2025-06,2025-06-30,299.0,Standard Renewal
TXN-1329-07,USER-1329,2025-06,2025-07-30,299.0,Standard Renewal
TXN-1329-08,USER-1329,2025-06,2025-08-29,299.0,Standard Renewal
TXN-1329-09,USER-1329,2025-06,2025-09-28,299.0,Standard Renewal
TXN-1329-10,USER-1329,2025-06,2025-10-28,299.0,Standard Renewal
TXN-1329-11,USER-1329,2025-06,2025-11-27,299.0,Standard Renewal
TXN-1330-11,USER-1330,2025-11,2025-11-27,999.0,Standard Renewal
TXN-1331-09,USER-1331,2025-09,2025-09-28,388.7,Tier Upgrade
TXN-1331-10,USER-1331,2025-09,2025-10-28,299.0,Standard Renewal
TXN-1331-11,USER-1331,2025-09,2025-11-27,299.0,Standard Renewal
TXN-1332-04,USER-1332,2025-05,2025-05-01,999.0,Standard Renewal
TXN-1332-05,USER-1332,2025-05,2025-05-31,999.0,Standard Renewal
TXN-1332-06,USER-1332,2025-05,2025-06-30,999.0,Standard Renewal
TXN-1332-07,USER-1332,2025-05,2025-07-30,999.0,Standard Renewal
TXN-1332-08,USER-1332,2025-05,2025-08-29,999.0,Standard Renewal
TXN-1332-09,USER-1332,2025-05,2025-09-28,1298.7,Tier Upgrade
TXN-1332-10,USER-1332,2025-05,2025-10-28,999.0,Standard Renewal
TXN-1332-11,USER-1332,2025-05,2025-11-27,999.0,Standard Renewal
TXN-1333-09,USER-1333,2025-09,2025-09-28,299.0,Standard Renewal
TXN-1333-10,USER-1333,2025-09,2025-10-28,299.0,Standard Renewal
TXN-1333-11,USER-1333,2025-09,2025-11-27,299.0,Standard Renewal
TXN-1334-10,USER-1334,2025-10,2025-10-28,599.0,Standard Renewal
TXN-1334-11,USER-1334,2025-10,2025-11-27,599.0,Standard Renewal
TXN-1335-03,USER-1335,2025-04,2025-04-01,299.0,Standard Renewal
TXN-1335-04,USER-1335,2025-04,2025-05-01,299.0,Standard Renewal
TXN-1335-05,USER-1335,2025-04,2025-05-31,299.0,Standard Renewal
TXN-1335-06,USER-1335,2025-04,2025-06-30,209.3,Contraction
TXN-1335-07,USER-1335,2025-04,2025-07-30,209.3,Contraction
TXN-1335-08,USER-1335,2025-04,2025-08-29,388.7,Tier Upgrade
TXN-1335-09,USER-1335,2025-04,2025-09-28,299.0,Standard Renewal
TXN-1335-10,USER-1335,2025-04,2025-10-28,299.0,Standard Renewal
TXN-1335-11,USER-1335,2025-04,2025-11-27,388.7,Tier Upgrade
TXN-1336-03,USER-1336,2025-04,2025-04-01,778.7,Tier Upgrade
TXN-1337-11,USER-1337,2025-11,2025-11-27,999.0,Standard Renewal
TXN-1338-08,USER-1338,2025-08,2025-08-29,999.0,Standard Renewal
TXN-1338-09,USER-1338,2025-08,2025-09-28,999.0,Standard Renewal
TXN-1338-10,USER-1338,2025-08,2025-10-28,999.0,Standard Renewal
TXN-1338-11,USER-1338,2025-08,2025-11-27,999.0,Standard Renewal
TXN-1339-09,USER-1339,2025-09,2025-09-28,599.0,Standard Renewal
TXN-1339-10,USER-1339,2025-09,2025-10-28,599.0,Standard Renewal
TXN-1339-11,USER-1339,2025-09,2025-11-27,599.0,Standard Renewal
TXN-1340-09,USER-1340,2025-09,2025-09-28,1298.7,Tier Upgrade
TXN-1340-10,USER-1340,2025-09,2025-10-28,999.0,Standard Renewal
TXN-1340-11,USER-1340,2025-09,2025-11-27,999.0,Standard Renewal
TXN-1341-08,USER-1341,2025-08,2025-08-29,599.0,Standard Renewal
TXN-1342-02,USER-1342,2025-03,2025-03-02,299.0,Standard Renewal
TXN-1342-03,USER-1342,2025-03,2025-04-01,299.0,Standard Renewal
TXN-1342-04,USER-1342,2025-03,2025-05-01,299.0,Standard Renewal
TXN-1342-05,USER-1342,2025-03,2025-05-31,209.3,Contraction
TXN-1343-10,USER-1343,2025-10,2025-10-28,999.0,Standard Renewal
TXN-1343-11,USER-1343,2025-10,2025-11-27,999.0,Standard Renewal
TXN-1344-11,USER-1344,2025-11,2025-11-27,299.0,Standard Renewal
TXN-1345-07,USER-1345,2025-07,2025-07-30,299.0,Standard Renewal
TXN-1345-08,USER-1345,2025-07,2025-08-29,299.0,Standard Renewal
TXN-1345-09,USER-1345,2025-07,2025-09-28,299.0,Standard Renewal
TXN-1345-10,USER-1345,2025-07,2025-10-28,299.0,Standard Renewal
TXN-1345-11,USER-1345,2025-07,2025-11-27,299.0,Standard Renewal
TXN-1346-02,USER-1346,2025-03,2025-03-02,999.0,Standard Renewal
TXN-1346-03,USER-1346,2025-03,2025-04-01,999.0,Standard Renewal
TXN-1346-04,USER-1346,2025-03,2025-05-01,999.0,Standard Renewal
TXN-1346-05,USER-1346,2025-03,2025-05-31,999.0,Standard Renewal
TXN-1346-06,USER-1346,2025-03,2025-06-30,999.0,Standard Renewal
TXN-1346-07,USER-1346,2025-03,2025-07-30,999.0,Standard Renewal
TXN-1347-02,USER-1347,2025-03,2025-03-02,1298.7,Tier Upgrade
TXN-1347-03,USER-1347,2025-03,2025-04-01,999.0,Standard Renewal
TXN-1347-04,USER-1347,2025-03,2025-05-01,999.0,Standard Renewal
TXN-1348-05,USER-1348,2025-05,2025-05-31,599.0,Standard Renewal
TXN-1348-06,USER-1348,2025-05,2025-06-30,599.0,Standard Renewal
TXN-1349-06,USER-1349,2025-06,2025-06-30,419.3,Contraction
TXN-1349-07,USER-1349,2025-06,2025-07-30,419.3,Contraction
TXN-1349-08,USER-1349,2025-06,2025-08-29,599.0,Standard Renewal
TXN-1349-09,USER-1349,2025-06,2025-09-28,599.0,Standard Renewal
TXN-1349-10,USER-1349,2025-06,2025-10-28,599.0,Standard Renewal
TXN-1349-11,USER-1349,2025-06,2025-11-27,599.0,Standard Renewal
TXN-1350-04,USER-1350,2025-05,2025-05-01,599.0,Standard Renewal
TXN-1350-05,USER-1350,2025-05,2025-05-31,599.0,Standard Renewal
TXN-1350-06,USER-1350,2025-05,2025-06-30,419.3,Contraction
TXN-1350-07,USER-1350,2025-05,2025-07-30,599.0,Standard Renewal
TXN-1350-08,USER-1350,2025-05,2025-08-29,599.0,Standard Renewal
TXN-1350-09,USER-1350,2025-05,2025-09-28,599.0,Standard Renewal
TXN-1350-10,USER-1350,2025-05,2025-10-28,599.0,Standard Renewal
TXN-1350-11,USER-1350,2025-05,2025-11-27,599.0,Standard Renewal
TXN-1351-11,USER-1351,2025-11,2025-11-27,299.0,Standard Renewal
TXN-1352-11,USER-1352,2025-11,2025-11-27,999.0,Standard Renewal
TXN-1353-02,USER-1353,2025-03,2025-03-02,999.0,Standard Renewal
TXN-1353-03,USER-1353,2025-03,2025-04-01,999.0,Standard Renewal
TXN-1353-04,USER-1353,2025-03,2025-05-01,999.0,Standard Renewal
TXN-1353-05,USER-1353,2025-03,2025-05-31,999.0,Standard Renewal
TXN-1353-06,USER-1353,2025-03,2025-06-30,999.0,Standard Renewal
TXN-1353-07,USER-1353,2025-03,2025-07-30,999.0,Standard Renewal
TXN-1353-08,USER-1353,2025-03,2025-08-29,999.0,Standard Renewal
TXN-1354-05,USER-1354,2025-05,2025-05-31,299.0,Standard Renewal
TXN-1354-06,USER-1354,2025-05,2025-06-30,299.0,Standard Renewal
TXN-1354-07,USER-1354,2025-05,2025-07-30,299.0,Standard Renewal
TXN-1354-08,USER-1354,2025-05,2025-08-29,209.3,Contraction
TXN-1355-01,USER-1355,2025-01,2025-01-31,999.0,Standard Renewal
TXN-1355-02,USER-1355,2025-01,2025-03-02,999.0,Standard Renewal
TXN-1355-03,USER-1355,2025-01,2025-04-01,1298.7,Tier Upgrade
TXN-1356-11,USER-1356,2025-11,2025-11-27,299.0,Standard Renewal
TXN-1357-09,USER-1357,2025-09,2025-09-28,599.0,Standard Renewal
TXN-1357-10,USER-1357,2025-09,2025-10-28,599.0,Standard Renewal
TXN-1357-11,USER-1357,2025-09,2025-11-27,599.0,Standard Renewal
TXN-1358-03,USER-1358,2025-04,2025-04-01,599.0,Standard Renewal
TXN-1358-04,USER-1358,2025-04,2025-05-01,599.0,Standard Renewal
TXN-1358-05,USER-1358,2025-04,2025-05-31,778.7,Tier Upgrade
TXN-1358-06,USER-1358,2025-04,2025-06-30,419.3,Contraction
TXN-1358-07,USER-1358,2025-04,2025-07-30,599.0,Standard Renewal
TXN-1358-08,USER-1358,2025-04,2025-08-29,599.0,Standard Renewal
TXN-1358-09,USER-1358,2025-04,2025-09-28,419.3,Contraction
TXN-1358-10,USER-1358,2025-04,2025-10-28,599.0,Standard Renewal
TXN-1358-11,USER-1358,2025-04,2025-11-27,599.0,Standard Renewal
TXN-1359-06,USER-1359,2025-06,2025-06-30,599.0,Standard Renewal
TXN-1359-07,USER-1359,2025-06,2025-07-30,599.0,Standard Renewal
TXN-1359-08,USER-1359,2025-06,2025-08-29,599.0,Standard Renewal
TXN-1359-09,USER-1359,2025-06,2025-09-28,599.0,Standard Renewal
TXN-1359-10,USER-1359,2025-06,2025-10-28,419.3,Contraction
TXN-1359-11,USER-1359,2025-06,2025-11-27,599.0,Standard Renewal
TXN-1360-02,USER-1360,2025-03,2025-03-02,599.0,Standard Renewal
TXN-1360-03,USER-1360,2025-03,2025-04-01,599.0,Standard Renewal
TXN-1360-04,USER-1360,2025-03,2025-05-01,599.0,Standard Renewal
TXN-1360-05,USER-1360,2025-03,2025-05-31,599.0,Standard Renewal
TXN-1360-06,USER-1360,2025-03,2025-06-30,599.0,Standard Renewal
TXN-1360-07,USER-1360,2025-03,2025-07-30,599.0,Standard Renewal
TXN-1360-08,USER-1360,2025-03,2025-08-29,599.0,Standard Renewal
TXN-1360-09,USER-1360,2025-03,2025-09-28,778.7,Tier Upgrade
TXN-1360-10,USER-1360,2025-03,2025-10-28,599.0,Standard Renewal
TXN-1360-11,USER-1360,2025-03,2025-11-27,778.7,Tier Upgrade
TXN-1361-02,USER-1361,2025-03,2025-03-02,299.0,Standard Renewal
TXN-1361-03,USER-1361,2025-03,2025-04-01,299.0,Standard Renewal
TXN-1361-04,USER-1361,2025-03,2025-05-01,299.0,Standard Renewal
TXN-1361-05,USER-1361,2025-03,2025-05-31,299.0,Standard Renewal
TXN-1361-06,USER-1361,2025-03,2025-06-30,299.0,Standard Renewal
TXN-1361-07,USER-1361,2025-03,2025-07-30,299.0,Standard Renewal
TXN-1361-08,USER-1361,2025-03,2025-08-29,299.0,Standard Renewal
TXN-1361-09,USER-1361,2025-03,2025-09-28,299.0,Standard Renewal
TXN-1361-10,USER-1361,2025-03,2025-10-28,299.0,Standard Renewal
TXN-1361-11,USER-1361,2025-03,2025-11-27,299.0,Standard Renewal
TXN-1362-04,USER-1362,2025-05,2025-05-01,299.0,Standard Renewal
TXN-1362-05,USER-1362,2025-05,2025-05-31,299.0,Standard Renewal
TXN-1362-06,USER-1362,2025-05,2025-06-30,299.0,Standard Renewal
TXN-1362-07,USER-1362,2025-05,2025-07-30,299.0,Standard Renewal
TXN-1363-06,USER-1363,2025-06,2025-06-30,999.0,Standard Renewal
TXN-1363-07,USER-1363,2025-06,2025-07-30,999.0,Standard Renewal
TXN-1364-10,USER-1364,2025-10,2025-10-28,999.0,Standard Renewal
TXN-1364-11,USER-1364,2025-10,2025-11-27,999.0,Standard Renewal
TXN-1365-07,USER-1365,2025-07,2025-07-30,999.0,Standard Renewal
TXN-1365-08,USER-1365,2025-07,2025-08-29,1298.7,Tier Upgrade
TXN-1365-09,USER-1365,2025-07,2025-09-28,999.0,Standard Renewal
TXN-1365-10,USER-1365,2025-07,2025-10-28,1298.7,Tier Upgrade
TXN-1365-11,USER-1365,2025-07,2025-11-27,999.0,Standard Renewal
TXN-1366-08,USER-1366,2025-08,2025-08-29,299.0,Standard Renewal
TXN-1366-09,USER-1366,2025-08,2025-09-28,299.0,Standard Renewal
TXN-1366-10,USER-1366,2025-08,2025-10-28,299.0,Standard Renewal
TXN-1366-11,USER-1366,2025-08,2025-11-27,388.7,Tier Upgrade
TXN-1367-06,USER-1367,2025-06,2025-06-30,388.7,Tier Upgrade
TXN-1367-07,USER-1367,2025-06,2025-07-30,299.0,Standard Renewal
TXN-1367-08,USER-1367,2025-06,2025-08-29,299.0,Standard Renewal
TXN-1367-09,USER-1367,2025-06,2025-09-28,299.0,Standard Renewal
TXN-1367-10,USER-1367,2025-06,2025-10-28,299.0,Standard Renewal
TXN-1367-11,USER-1367,2025-06,2025-11-27,299.0,Standard Renewal
TXN-1368-07,USER-1368,2025-07,2025-07-30,299.0,Standard Renewal
TXN-1368-08,USER-1368,2025-07,2025-08-29,299.0,Standard Renewal
TXN-1369-06,USER-1369,2025-06,2025-06-30,388.7,Tier Upgrade
TXN-1369-07,USER-1369,2025-06,2025-07-30,299.0,Standard Renewal
TXN-1369-08,USER-1369,2025-06,2025-08-29,299.0,Standard Renewal
TXN-1369-09,USER-1369,2025-06,2025-09-28,299.0,Standard Renewal
TXN-1370-04,USER-1370,2025-05,2025-05-01,599.0,Standard Renewal
TXN-1370-05,USER-1370,2025-05,2025-05-31,599.0,Standard Renewal
TXN-1370-06,USER-1370,2025-05,2025-06-30,599.0,Standard Renewal
TXN-1370-07,USER-1370,2025-05,2025-07-30,599.0,Standard Renewal
TXN-1370-08,USER-1370,2025-05,2025-08-29,599.0,Standard Renewal
TXN-1370-09,USER-1370,2025-05,2025-09-28,599.0,Standard Renewal
TXN-1370-10,USER-1370,2025-05,2025-10-28,599.0,Standard Renewal
TXN-1370-11,USER-1370,2025-05,2025-11-27,599.0,Standard Renewal
TXN-1371-10,USER-1371,2025-10,2025-10-28,999.0,Standard Renewal
TXN-1371-11,USER-1371,2025-10,2025-11-27,999.0,Standard Renewal
TXN-1372-08,USER-1372,2025-08,2025-08-29,599.0,Standard Renewal
TXN-1372-09,USER-1372,2025-08,2025-09-28,599.0,Standard Renewal
TXN-1372-10,USER-1372,2025-08,2025-10-28,778.7,Tier Upgrade
TXN-1372-11,USER-1372,2025-08,2025-11-27,599.0,Standard Renewal
TXN-1373-06,USER-1373,2025-06,2025-06-30,599.0,Standard Renewal
TXN-1373-07,USER-1373,2025-06,2025-07-30,599.0,Standard Renewal
TXN-1373-08,USER-1373,2025-06,2025-08-29,778.7,Tier Upgrade
TXN-1373-09,USER-1373,2025-06,2025-09-28,599.0,Standard Renewal
TXN-1373-10,USER-1373,2025-06,2025-10-28,778.7,Tier Upgrade
TXN-1374-08,USER-1374,2025-08,2025-08-29,599.0,Standard Renewal
TXN-1374-09,USER-1374,2025-08,2025-09-28,599.0,Standard Renewal
TXN-1374-10,USER-1374,2025-08,2025-10-28,599.0,Standard Renewal
TXN-1374-11,USER-1374,2025-08,2025-11-27,599.0,Standard Renewal
TXN-1375-10,USER-1375,2025-10,2025-10-28,599.0,Standard Renewal
TXN-1375-11,USER-1375,2025-10,2025-11-27,599.0,Standard Renewal
TXN-1376-03,USER-1376,2025-04,2025-04-01,999.0,Standard Renewal
TXN-1376-04,USER-1376,2025-04,2025-05-01,999.0,Standard Renewal
TXN-1376-05,USER-1376,2025-04,2025-05-31,999.0,Standard Renewal
TXN-1376-06,USER-1376,2025-04,2025-06-30,999.0,Standard Renewal
TXN-1376-07,USER-1376,2025-04,2025-07-30,999.0,Standard Renewal
TXN-1376-08,USER-1376,2025-04,2025-08-29,999.0,Standard Renewal
TXN-1376-09,USER-1376,2025-04,2025-09-28,999.0,Standard Renewal
TXN-1377-04,USER-1377,2025-05,2025-05-01,999.0,Standard Renewal
TXN-1377-05,USER-1377,2025-05,2025-05-31,999.0,Standard Renewal
TXN-1377-06,USER-1377,2025-05,2025-06-30,699.3,Contraction
TXN-1377-07,USER-1377,2025-05,2025-07-30,999.0,Standard Renewal
TXN-1377-08,USER-1377,2025-05,2025-08-29,999.0,Standard Renewal
TXN-1377-09,USER-1377,2025-05,2025-09-28,999.0,Standard Renewal
TXN-1377-10,USER-1377,2025-05,2025-10-28,999.0,Standard Renewal
TXN-1377-11,USER-1377,2025-05,2025-11-27,999.0,Standard Renewal
TXN-1378-03,USER-1378,2025-04,2025-04-01,999.0,Standard Renewal
TXN-1378-04,USER-1378,2025-04,2025-05-01,999.0,Standard Renewal
TXN-1378-05,USER-1378,2025-04,2025-05-31,1298.7,Tier Upgrade
TXN-1378-06,USER-1378,2025-04,2025-06-30,999.0,Standard Renewal
TXN-1379-08,USER-1379,2025-08,2025-08-29,599.0,Standard Renewal
TXN-1379-09,USER-1379,2025-08,2025-09-28,599.0,Standard Renewal
TXN-1379-10,USER-1379,2025-08,2025-10-28,599.0,Standard Renewal
TXN-1379-11,USER-1379,2025-08,2025-11-27,599.0,Standard Renewal
TXN-1380-09,USER-1380,2025-09,2025-09-28,599.0,Standard Renewal
TXN-1380-10,USER-1380,2025-09,2025-10-28,599.0,Standard Renewal
TXN-1380-11,USER-1380,2025-09,2025-11-27,599.0,Standard Renewal
TXN-1381-10,USER-1381,2025-10,2025-10-28,599.0,Standard Renewal
TXN-1381-11,USER-1381,2025-10,2025-11-27,599.0,Standard Renewal
TXN-1382-08,USER-1382,2025-08,2025-08-29,299.0,Standard Renewal
TXN-1382-09,USER-1382,2025-08,2025-09-28,299.0,Standard Renewal
TXN-1382-10,USER-1382,2025-08,2025-10-28,299.0,Standard Renewal
TXN-1382-11,USER-1382,2025-08,2025-11-27,299.0,Standard Renewal
TXN-1383-03,USER-1383,2025-04,2025-04-01,599.0,Standard Renewal
TXN-1383-04,USER-1383,2025-04,2025-05-01,599.0,Standard Renewal
TXN-1383-05,USER-1383,2025-04,2025-05-31,599.0,Standard Renewal
TXN-1383-06,USER-1383,2025-04,2025-06-30,599.0,Standard Renewal
TXN-1383-07,USER-1383,2025-04,2025-07-30,599.0,Standard Renewal
TXN-1383-08,USER-1383,2025-04,2025-08-29,778.7,Tier Upgrade
TXN-1383-09,USER-1383,2025-04,2025-09-28,599.0,Standard Renewal
TXN-1383-10,USER-1383,2025-04,2025-10-28,599.0,Standard Renewal
TXN-1383-11,USER-1383,2025-04,2025-11-27,419.3,Contraction
TXN-1384-02,USER-1384,2025-03,2025-03-02,599.0,Standard Renewal
TXN-1384-03,USER-1384,2025-03,2025-04-01,599.0,Standard Renewal
TXN-1385-00,USER-1385,2025-01,2025-01-01,299.0,Standard Renewal
TXN-1385-01,USER-1385,2025-01,2025-01-31,299.0,Standard Renewal
TXN-1385-02,USER-1385,2025-01,2025-03-02,388.7,Tier Upgrade
TXN-1385-03,USER-1385,2025-01,2025-04-01,299.0,Standard Renewal
TXN-1385-04,USER-1385,2025-01,2025-05-01,299.0,Standard Renewal
TXN-1386-06,USER-1386,2025-06,2025-06-30,778.7,Tier Upgrade
TXN-1386-07,USER-1386,2025-06,2025-07-30,599.0,Standard Renewal
TXN-1386-08,USER-1386,2025-06,2025-08-29,599.0,Standard Renewal
TXN-1386-09,USER-1386,2025-06,2025-09-28,599.0,Standard Renewal
TXN-1386-10,USER-1386,2025-06,2025-10-28,599.0,Standard Renewal
TXN-1387-08,USER-1387,2025-08,2025-08-29,999.0,Standard Renewal
TXN-1387-09,USER-1387,2025-08,2025-09-28,699.3,Contraction
TXN-1387-10,USER-1387,2025-08,2025-10-28,999.0,Standard Renewal
TXN-1387-11,USER-1387,2025-08,2025-11-27,999.0,Standard Renewal
TXN-1388-08,USER-1388,2025-08,2025-08-29,299.0,Standard Renewal
TXN-1388-09,USER-1388,2025-08,2025-09-28,299.0,Standard Renewal
TXN-1388-10,USER-1388,2025-08,2025-10-28,299.0,Standard Renewal
TXN-1388-11,USER-1388,2025-08,2025-11-27,299.0,Standard Renewal
TXN-1390-05,USER-1390,2025-05,2025-05-31,699.3,Contraction
TXN-1390-06,USER-1390,2025-05,2025-06-30,1298.7,Tier Upgrade
TXN-1390-07,USER-1390,2025-05,2025-07-30,999.0,Standard Renewal
TXN-1390-08,USER-1390,2025-05,2025-08-29,999.0,Standard Renewal
TXN-1390-09,USER-1390,2025-05,2025-09-28,999.0,Standard Renewal
TXN-1390-10,USER-1390,2025-05,2025-10-28,999.0,Standard Renewal
TXN-1390-11,USER-1390,2025-05,2025-11-27,699.3,Contraction
TXN-1391-11,USER-1391,2025-11,2025-11-27,599.0,Standard Renewal
TXN-1392-02,USER-1392,2025-03,2025-03-02,999.0,Standard Renewal
TXN-1392-03,USER-1392,2025-03,2025-04-01,999.0,Standard Renewal
TXN-1392-04,USER-1392,2025-03,2025-05-01,999.0,Standard Renewal
TXN-1392-05,USER-1392,2025-03,2025-05-31,999.0,Standard Renewal
TXN-1392-06,USER-1392,2025-03,2025-06-30,999.0,Standard Renewal
TXN-1392-07,USER-1392,2025-03,2025-07-30,999.0,Standard Renewal
TXN-1393-06,USER-1393,2025-06,2025-06-30,999.0,Standard Renewal
TXN-1393-07,USER-1393,2025-06,2025-07-30,999.0,Standard Renewal
TXN-1393-08,USER-1393,2025-06,2025-08-29,699.3,Contraction
TXN-1393-09,USER-1393,2025-06,2025-09-28,999.0,Standard Renewal
TXN-1393-10,USER-1393,2025-06,2025-10-28,1298.7,Tier Upgrade
TXN-1394-02,USER-1394,2025-03,2025-03-02,299.0,Standard Renewal
TXN-1394-03,USER-1394,2025-03,2025-04-01,299.0,Standard Renewal
TXN-1394-04,USER-1394,2025-03,2025-05-01,388.7,Tier Upgrade
TXN-1394-05,USER-1394,2025-03,2025-05-31,299.0,Standard Renewal
TXN-1394-06,USER-1394,2025-03,2025-06-30,299.0,Standard Renewal
TXN-1394-07,USER-1394,2025-03,2025-07-30,299.0,Standard Renewal
TXN-1394-08,USER-1394,2025-03,2025-08-29,299.0,Standard Renewal
TXN-1395-03,USER-1395,2025-04,2025-04-01,299.0,Standard Renewal
TXN-1395-04,USER-1395,2025-04,2025-05-01,299.0,Standard Renewal
TXN-1395-05,USER-1395,2025-04,2025-05-31,299.0,Standard Renewal
TXN-1395-06,USER-1395,2025-04,2025-06-30,299.0,Standard Renewal
TXN-1395-07,USER-1395,2025-04,2025-07-30,299.0,Standard Renewal
TXN-1395-08,USER-1395,2025-04,2025-08-29,299.0,Standard Renewal
TXN-1395-09,USER-1395,2025-04,2025-09-28,388.7,Tier Upgrade
TXN-1395-10,USER-1395,2025-04,2025-10-28,299.0,Standard Renewal
TXN-1395-11,USER-1395,2025-04,2025-11-27,299.0,Standard Renewal
TXN-1396-06,USER-1396,2025-06,2025-06-30,599.0,Standard Renewal
TXN-1396-07,USER-1396,2025-06,2025-07-30,599.0,Standard Renewal
TXN-1396-08,USER-1396,2025-06,2025-08-29,599.0,Standard Renewal
TXN-1397-07,USER-1397,2025-07,2025-07-30,299.0,Standard Renewal
TXN-1397-08,USER-1397,2025-07,2025-08-29,299.0,Standard Renewal
TXN-1397-09,USER-1397,2025-07,2025-09-28,299.0,Standard Renewal
TXN-1397-10,USER-1397,2025-07,2025-10-28,299.0,Standard Renewal
TXN-1397-11,USER-1397,2025-07,2025-11-27,299.0,Standard Renewal
TXN-1398-07,USER-1398,2025-07,2025-07-30,599.0,Standard Renewal
TXN-1398-08,USER-1398,2025-07,2025-08-29,599.0,Standard Renewal
TXN-1398-09,USER-1398,2025-07,2025-09-28,599.0,Standard Renewal
TXN-1398-10,USER-1398,2025-07,2025-10-28,599.0,Standard Renewal
TXN-1398-11,USER-1398,2025-07,2025-11-27,599.0,Standard Renewal
TXN-1399-08,USER-1399,2025-08,2025-08-29,999.0,Standard Renewal
TXN-1399-09,USER-1399,2025-08,2025-09-28,999.0,Standard Renewal
TXN-1399-10,USER-1399,2025-08,2025-10-28,999.0,Standard Renewal
TXN-1399-11,USER-1399,2025-08,2025-11-27,1298.7,Tier Upgrade
TXN-1400-04,USER-1400,2025-05,2025-05-01,599.0,Standard Renewal
TXN-1400-05,USER-1400,2025-05,2025-05-31,599.0,Standard Renewal
TXN-1400-06,USER-1400,2025-05,2025-06-30,599.0,Standard Renewal
TXN-1400-07,USER-1400,2025-05,2025-07-30,599.0,Standard Renewal
TXN-1400-08,USER-1400,2025-05,2025-08-29,599.0,Standard Renewal
TXN-1400-09,USER-1400,2025-05,2025-09-28,599.0,Standard Renewal
TXN-1401-10,USER-1401,2025-10,2025-10-28,299.0,Standard Renewal
TXN-1401-11,USER-1401,2025-10,2025-11-27,299.0,Standard Renewal
TXN-1402-04,USER-1402,2025-05,2025-05-01,299.0,Standard Renewal
TXN-1402-05,USER-1402,2025-05,2025-05-31,299.0,Standard Renewal
TXN-1402-06,USER-1402,2025-05,2025-06-30,299.0,Standard Renewal
TXN-1402-07,USER-1402,2025-05,2025-07-30,299.0,Standard Renewal
TXN-1402-08,USER-1402,2025-05,2025-08-29,299.0,Standard Renewal
TXN-1402-09,USER-1402,2025-05,2025-09-28,299.0,Standard Renewal
TXN-1402-10,USER-1402,2025-05,2025-10-28,299.0,Standard Renewal
TXN-1403-01,USER-1403,2025-01,2025-01-31,778.7,Tier Upgrade
TXN-1403-02,USER-1403,2025-01,2025-03-02,599.0,Standard Renewal
TXN-1403-03,USER-1403,2025-01,2025-04-01,599.0,Standard Renewal
TXN-1403-04,USER-1403,2025-01,2025-05-01,599.0,Standard Renewal
TXN-1403-05,USER-1403,2025-01,2025-05-31,599.0,Standard Renewal
TXN-1404-03,USER-1404,2025-04,2025-04-01,299.0,Standard Renewal
TXN-1404-04,USER-1404,2025-04,2025-05-01,299.0,Standard Renewal
TXN-1404-05,USER-1404,2025-04,2025-05-31,299.0,Standard Renewal
TXN-1405-08,USER-1405,2025-08,2025-08-29,599.0,Standard Renewal
TXN-1405-09,USER-1405,2025-08,2025-09-28,599.0,Standard Renewal
TXN-1405-10,USER-1405,2025-08,2025-10-28,599.0,Standard Renewal
TXN-1405-11,USER-1405,2025-08,2025-11-27,599.0,Standard Renewal
TXN-1406-04,USER-1406,2025-05,2025-05-01,599.0,Standard Renewal
TXN-1406-05,USER-1406,2025-05,2025-05-31,599.0,Standard Renewal
TXN-1406-06,USER-1406,2025-05,2025-06-30,599.0,Standard Renewal
TXN-1406-07,USER-1406,2025-05,2025-07-30,778.7,Tier Upgrade
TXN-1406-08,USER-1406,2025-05,2025-08-29,778.7,Tier Upgrade
TXN-1406-09,USER-1406,2025-05,2025-09-28,599.0,Standard Renewal
TXN-1408-03,USER-1408,2025-04,2025-04-01,599.0,Standard Renewal
TXN-1408-04,USER-1408,2025-04,2025-05-01,599.0,Standard Renewal
TXN-1408-05,USER-1408,2025-04,2025-05-31,778.7,Tier Upgrade
TXN-1408-06,USER-1408,2025-04,2025-06-30,599.0,Standard Renewal
TXN-1408-07,USER-1408,2025-04,2025-07-30,599.0,Standard Renewal
TXN-1408-08,USER-1408,2025-04,2025-08-29,599.0,Standard Renewal
TXN-1408-09,USER-1408,2025-04,2025-09-28,599.0,Standard Renewal
TXN-1409-05,USER-1409,2025-05,2025-05-31,599.0,Standard Renewal
TXN-1409-06,USER-1409,2025-05,2025-06-30,599.0,Standard Renewal
TXN-1409-07,USER-1409,2025-05,2025-07-30,599.0,Standard Renewal
TXN-1409-08,USER-1409,2025-05,2025-08-29,599.0,Standard Renewal
TXN-1409-09,USER-1409,2025-05,2025-09-28,599.0,Standard Renewal
TXN-1409-10,USER-1409,2025-05,2025-10-28,419.3,Contraction
TXN-1409-11,USER-1409,2025-05,2025-11-27,599.0,Standard Renewal
TXN-1410-02,USER-1410,2025-03,2025-03-02,999.0,Standard Renewal
TXN-1410-03,USER-1410,2025-03,2025-04-01,999.0,Standard Renewal
TXN-1410-04,USER-1410,2025-03,2025-05-01,999.0,Standard Renewal
TXN-1412-11,USER-1412,2025-11,2025-11-27,599.0,Standard Renewal
TXN-1413-07,USER-1413,2025-07,2025-07-30,999.0,Standard Renewal
TXN-1413-08,USER-1413,2025-07,2025-08-29,999.0,Standard Renewal
TXN-1413-09,USER-1413,2025-07,2025-09-28,999.0,Standard Renewal
TXN-1413-10,USER-1413,2025-07,2025-10-28,999.0,Standard Renewal
TXN-1413-11,USER-1413,2025-07,2025-11-27,999.0,Standard Renewal
TXN-1414-03,USER-1414,2025-04,2025-04-01,599.0,Standard Renewal
TXN-1414-04,USER-1414,2025-04,2025-05-01,599.0,Standard Renewal
TXN-1414-05,USER-1414,2025-04,2025-05-31,599.0,Standard Renewal
TXN-1414-06,USER-1414,2025-04,2025-06-30,599.0,Standard Renewal
TXN-1414-07,USER-1414,2025-04,2025-07-30,599.0,Standard Renewal
TXN-1414-08,USER-1414,2025-04,2025-08-29,599.0,Standard Renewal
TXN-1415-02,USER-1415,2025-03,2025-03-02,599.0,Standard Renewal
TXN-1415-03,USER-1415,2025-03,2025-04-01,778.7,Tier Upgrade
TXN-1415-04,USER-1415,2025-03,2025-05-01,599.0,Standard Renewal
TXN-1415-05,USER-1415,2025-03,2025-05-31,599.0,Standard Renewal
TXN-1416-11,USER-1416,2025-11,2025-11-27,209.3,Contraction
TXN-1417-10,USER-1417,2025-10,2025-10-28,999.0,Standard Renewal
TXN-1417-11,USER-1417,2025-10,2025-11-27,1298.7,Tier Upgrade
TXN-1418-06,USER-1418,2025-06,2025-06-30,999.0,Standard Renewal
TXN-1418-07,USER-1418,2025-06,2025-07-30,999.0,Standard Renewal
TXN-1418-08,USER-1418,2025-06,2025-08-29,999.0,Standard Renewal
TXN-1419-09,USER-1419,2025-09,2025-09-28,599.0,Standard Renewal
TXN-1419-10,USER-1419,2025-09,2025-10-28,599.0,Standard Renewal
TXN-1419-11,USER-1419,2025-09,2025-11-27,778.7,Tier Upgrade
TXN-1420-00,USER-1420,2025-01,2025-01-01,999.0,Standard Renewal
TXN-1420-01,USER-1420,2025-01,2025-01-31,999.0,Standard Renewal
TXN-1420-02,USER-1420,2025-01,2025-03-02,999.0,Standard Renewal
TXN-1420-03,USER-1420,2025-01,2025-04-01,999.0,Standard Renewal
TXN-1420-04,USER-1420,2025-01,2025-05-01,999.0,Standard Renewal
TXN-1420-05,USER-1420,2025-01,2025-05-31,999.0,Standard Renewal
TXN-1420-06,USER-1420,2025-01,2025-06-30,999.0,Standard Renewal
TXN-1420-07,USER-1420,2025-01,2025-07-30,999.0,Standard Renewal
TXN-1420-08,USER-1420,2025-01,2025-08-29,1298.7,Tier Upgrade
TXN-1420-09,USER-1420,2025-01,2025-09-28,999.0,Standard Renewal
TXN-1420-10,USER-1420,2025-01,2025-10-28,1298.7,Tier Upgrade
TXN-1420-11,USER-1420,2025-01,2025-11-27,999.0,Standard Renewal
TXN-1421-03,USER-1421,2025-04,2025-04-01,299.0,Standard Renewal
TXN-1421-04,USER-1421,2025-04,2025-05-01,299.0,Standard Renewal
TXN-1421-05,USER-1421,2025-04,2025-05-31,299.0,Standard Renewal
TXN-1421-06,USER-1421,2025-04,2025-06-30,299.0,Standard Renewal
TXN-1421-07,USER-1421,2025-04,2025-07-30,299.0,Standard Renewal
TXN-1421-08,USER-1421,2025-04,2025-08-29,299.0,Standard Renewal
TXN-1421-09,USER-1421,2025-04,2025-09-28,299.0,Standard Renewal
TXN-1421-10,USER-1421,2025-04,2025-10-28,299.0,Standard Renewal
TXN-1421-11,USER-1421,2025-04,2025-11-27,209.3,Contraction
TXN-1422-09,USER-1422,2025-09,2025-09-28,299.0,Standard Renewal
TXN-1422-10,USER-1422,2025-09,2025-10-28,299.0,Standard Renewal
TXN-1422-11,USER-1422,2025-09,2025-11-27,299.0,Standard Renewal
TXN-1423-00,USER-1423,2025-01,2025-01-01,299.0,Standard Renewal
TXN-1423-01,USER-1423,2025-01,2025-01-31,299.0,Standard Renewal
TXN-1423-02,USER-1423,2025-01,2025-03-02,299.0,Standard Renewal
TXN-1423-03,USER-1423,2025-01,2025-04-01,299.0,Standard Renewal
TXN-1423-04,USER-1423,2025-01,2025-05-01,299.0,Standard Renewal
TXN-1423-05,USER-1423,2025-01,2025-05-31,299.0,Standard Renewal
TXN-1424-00,USER-1424,2025-01,2025-01-01,599.0,Standard Renewal
TXN-1424-01,USER-1424,2025-01,2025-01-31,599.0,Standard Renewal
TXN-1424-02,USER-1424,2025-01,2025-03-02,419.3,Contraction
TXN-1424-03,USER-1424,2025-01,2025-04-01,599.0,Standard Renewal
TXN-1424-04,USER-1424,2025-01,2025-05-01,599.0,Standard Renewal
TXN-1424-05,USER-1424,2025-01,2025-05-31,599.0,Standard Renewal
TXN-1425-06,USER-1425,2025-06,2025-06-30,999.0,Standard Renewal
TXN-1425-07,USER-1425,2025-06,2025-07-30,999.0,Standard Renewal
TXN-1425-08,USER-1425,2025-06,2025-08-29,999.0,Standard Renewal
TXN-1425-09,USER-1425,2025-06,2025-09-28,999.0,Standard Renewal
TXN-1425-10,USER-1425,2025-06,2025-10-28,999.0,Standard Renewal
TXN-1425-11,USER-1425,2025-06,2025-11-27,999.0,Standard Renewal
TXN-1426-00,USER-1426,2025-01,2025-01-01,999.0,Standard Renewal
TXN-1426-01,USER-1426,2025-01,2025-01-31,999.0,Standard Renewal
TXN-1426-02,USER-1426,2025-01,2025-03-02,999.0,Standard Renewal
TXN-1426-03,USER-1426,2025-01,2025-04-01,999.0,Standard Renewal
TXN-1427-05,USER-1427,2025-05,2025-05-31,599.0,Standard Renewal
TXN-1427-06,USER-1427,2025-05,2025-06-30,599.0,Standard Renewal
TXN-1427-07,USER-1427,2025-05,2025-07-30,599.0,Standard Renewal
TXN-1427-08,USER-1427,2025-05,2025-08-29,599.0,Standard Renewal
TXN-1428-03,USER-1428,2025-04,2025-04-01,999.0,Standard Renewal
TXN-1428-04,USER-1428,2025-04,2025-05-01,999.0,Standard Renewal
TXN-1428-05,USER-1428,2025-04,2025-05-31,1298.7,Tier Upgrade
TXN-1428-06,USER-1428,2025-04,2025-06-30,999.0,Standard Renewal
TXN-1428-07,USER-1428,2025-04,2025-07-30,999.0,Standard Renewal
TXN-1428-08,USER-1428,2025-04,2025-08-29,999.0,Standard Renewal
TXN-1429-09,USER-1429,2025-09,2025-09-28,299.0,Standard Renewal
TXN-1429-10,USER-1429,2025-09,2025-10-28,299.0,Standard Renewal
TXN-1429-11,USER-1429,2025-09,2025-11-27,388.7,Tier Upgrade
TXN-1430-06,USER-1430,2025-06,2025-06-30,599.0,Standard Renewal
TXN-1430-07,USER-1430,2025-06,2025-07-30,599.0,Standard Renewal
TXN-1430-08,USER-1430,2025-06,2025-08-29,599.0,Standard Renewal
TXN-1431-03,USER-1431,2025-04,2025-04-01,999.0,Standard Renewal
TXN-1431-04,USER-1431,2025-04,2025-05-01,999.0,Standard Renewal
TXN-1431-05,USER-1431,2025-04,2025-05-31,999.0,Standard Renewal
TXN-1432-06,USER-1432,2025-06,2025-06-30,999.0,Standard Renewal
TXN-1432-07,USER-1432,2025-06,2025-07-30,999.0,Standard Renewal
TXN-1432-08,USER-1432,2025-06,2025-08-29,999.0,Standard Renewal
TXN-1432-09,USER-1432,2025-06,2025-09-28,999.0,Standard Renewal
TXN-1432-10,USER-1432,2025-06,2025-10-28,999.0,Standard Renewal
TXN-1432-11,USER-1432,2025-06,2025-11-27,1298.7,Tier Upgrade
TXN-1433-02,USER-1433,2025-03,2025-03-02,1298.7,Tier Upgrade
TXN-1433-03,USER-1433,2025-03,2025-04-01,999.0,Standard Renewal
TXN-1434-09,USER-1434,2025-09,2025-09-28,299.0,Standard Renewal
TXN-1434-10,USER-1434,2025-09,2025-10-28,299.0,Standard Renewal
TXN-1434-11,USER-1434,2025-09,2025-11-27,299.0,Standard Renewal
TXN-1435-05,USER-1435,2025-05,2025-05-31,388.7,Tier Upgrade
TXN-1435-06,USER-1435,2025-05,2025-06-30,299.0,Standard Renewal
TXN-1435-07,USER-1435,2025-05,2025-07-30,299.0,Standard Renewal
TXN-1435-08,USER-1435,2025-05,2025-08-29,299.0,Standard Renewal
TXN-1435-09,USER-1435,2025-05,2025-09-28,299.0,Standard Renewal
TXN-1435-10,USER-1435,2025-05,2025-10-28,299.0,Standard Renewal
TXN-1436-03,USER-1436,2025-04,2025-04-01,299.0,Standard Renewal
TXN-1436-04,USER-1436,2025-04,2025-05-01,299.0,Standard Renewal
TXN-1436-05,USER-1436,2025-04,2025-05-31,299.0,Standard Renewal
TXN-1436-06,USER-1436,2025-04,2025-06-30,299.0,Standard Renewal
TXN-1436-07,USER-1436,2025-04,2025-07-30,299.0,Standard Renewal
TXN-1436-08,USER-1436,2025-04,2025-08-29,299.0,Standard Renewal
TXN-1436-09,USER-1436,2025-04,2025-09-28,299.0,Standard Renewal
TXN-1437-05,USER-1437,2025-05,2025-05-31,299.0,Standard Renewal
TXN-1437-06,USER-1437,2025-05,2025-06-30,299.0,Standard Renewal
TXN-1437-07,USER-1437,2025-05,2025-07-30,299.0,Standard Renewal
TXN-1437-08,USER-1437,2025-05,2025-08-29,299.0,Standard Renewal
TXN-1437-09,USER-1437,2025-05,2025-09-28,299.0,Standard Renewal
TXN-1437-10,USER-1437,2025-05,2025-10-28,299.0,Standard Renewal
TXN-1438-09,USER-1438,2025-09,2025-09-28,778.7,Tier Upgrade
TXN-1438-10,USER-1438,2025-09,2025-10-28,599.0,Standard Renewal
TXN-1438-11,USER-1438,2025-09,2025-11-27,599.0,Standard Renewal
TXN-1439-06,USER-1439,2025-06,2025-06-30,388.7,Tier Upgrade
TXN-1439-07,USER-1439,2025-06,2025-07-30,299.0,Standard Renewal
TXN-1439-08,USER-1439,2025-06,2025-08-29,299.0,Standard Renewal
TXN-1439-09,USER-1439,2025-06,2025-09-28,299.0,Standard Renewal
TXN-1439-10,USER-1439,2025-06,2025-10-28,299.0,Standard Renewal
TXN-1439-11,USER-1439,2025-06,2025-11-27,299.0,Standard Renewal
TXN-1440-04,USER-1440,2025-05,2025-05-01,599.0,Standard Renewal
TXN-1440-05,USER-1440,2025-05,2025-05-31,599.0,Standard Renewal
TXN-1440-06,USER-1440,2025-05,2025-06-30,599.0,Standard Renewal
TXN-1440-07,USER-1440,2025-05,2025-07-30,599.0,Standard Renewal
TXN-1440-08,USER-1440,2025-05,2025-08-29,599.0,Standard Renewal
TXN-1440-09,USER-1440,2025-05,2025-09-28,599.0,Standard Renewal
TXN-1441-01,USER-1441,2025-01,2025-01-31,299.0,Standard Renewal
TXN-1441-02,USER-1441,2025-01,2025-03-02,299.0,Standard Renewal
TXN-1441-03,USER-1441,2025-01,2025-04-01,299.0,Standard Renewal
TXN-1441-04,USER-1441,2025-01,2025-05-01,299.0,Standard Renewal
TXN-1441-05,USER-1441,2025-01,2025-05-31,299.0,Standard Renewal
TXN-1441-06,USER-1441,2025-01,2025-06-30,299.0,Standard Renewal
TXN-1441-07,USER-1441,2025-01,2025-07-30,299.0,Standard Renewal
TXN-1442-06,USER-1442,2025-06,2025-06-30,419.3,Contraction
TXN-1442-07,USER-1442,2025-06,2025-07-30,599.0,Standard Renewal
TXN-1442-08,USER-1442,2025-06,2025-08-29,599.0,Standard Renewal
TXN-1442-09,USER-1442,2025-06,2025-09-28,599.0,Standard Renewal
TXN-1442-10,USER-1442,2025-06,2025-10-28,599.0,Standard Renewal
TXN-1442-11,USER-1442,2025-06,2025-11-27,599.0,Standard Renewal
TXN-1443-06,USER-1443,2025-06,2025-06-30,999.0,Standard Renewal
TXN-1443-07,USER-1443,2025-06,2025-07-30,999.0,Standard Renewal
TXN-1443-08,USER-1443,2025-06,2025-08-29,999.0,Standard Renewal
TXN-1443-09,USER-1443,2025-06,2025-09-28,999.0,Standard Renewal
TXN-1443-10,USER-1443,2025-06,2025-10-28,1298.7,Tier Upgrade
TXN-1443-11,USER-1443,2025-06,2025-11-27,999.0,Standard Renewal
TXN-1444-03,USER-1444,2025-04,2025-04-01,999.0,Standard Renewal
TXN-1444-04,USER-1444,2025-04,2025-05-01,999.0,Standard Renewal
TXN-1444-05,USER-1444,2025-04,2025-05-31,999.0,Standard Renewal
TXN-1444-06,USER-1444,2025-04,2025-06-30,999.0,Standard Renewal
TXN-1444-07,USER-1444,2025-04,2025-07-30,999.0,Standard Renewal
TXN-1444-08,USER-1444,2025-04,2025-08-29,999.0,Standard Renewal
TXN-1444-09,USER-1444,2025-04,2025-09-28,999.0,Standard Renewal
TXN-1444-10,USER-1444,2025-04,2025-10-28,1298.7,Tier Upgrade
TXN-1444-11,USER-1444,2025-04,2025-11-27,999.0,Standard Renewal
TXN-1445-07,USER-1445,2025-07,2025-07-30,299.0,Standard Renewal
TXN-1445-08,USER-1445,2025-07,2025-08-29,299.0,Standard Renewal
TXN-1446-02,USER-1446,2025-03,2025-03-02,778.7,Tier Upgrade
TXN-1446-03,USER-1446,2025-03,2025-04-01,599.0,Standard Renewal
TXN-1446-04,USER-1446,2025-03,2025-05-01,599.0,Standard Renewal
TXN-1446-05,USER-1446,2025-03,2025-05-31,599.0,Standard Renewal
TXN-1446-06,USER-1446,2025-03,2025-06-30,599.0,Standard Renewal
TXN-1446-07,USER-1446,2025-03,2025-07-30,599.0,Standard Renewal
TXN-1446-08,USER-1446,2025-03,2025-08-29,599.0,Standard Renewal
TXN-1446-09,USER-1446,2025-03,2025-09-28,599.0,Standard Renewal
TXN-1446-10,USER-1446,2025-03,2025-10-28,599.0,Standard Renewal
TXN-1446-11,USER-1446,2025-03,2025-11-27,599.0,Standard Renewal
TXN-1447-04,USER-1447,2025-05,2025-05-01,599.0,Standard Renewal
TXN-1447-05,USER-1447,2025-05,2025-05-31,599.0,Standard Renewal
TXN-1447-06,USER-1447,2025-05,2025-06-30,599.0,Standard Renewal
TXN-1447-07,USER-1447,2025-05,2025-07-30,599.0,Standard Renewal
TXN-1447-08,USER-1447,2025-05,2025-08-29,599.0,Standard Renewal
TXN-1447-09,USER-1447,2025-05,2025-09-28,599.0,Standard Renewal
TXN-1447-10,USER-1447,2025-05,2025-10-28,419.3,Contraction
TXN-1447-11,USER-1447,2025-05,2025-11-27,599.0,Standard Renewal
TXN-1448-07,USER-1448,2025-07,2025-07-30,999.0,Standard Renewal
TXN-1448-08,USER-1448,2025-07,2025-08-29,999.0,Standard Renewal
TXN-1448-09,USER-1448,2025-07,2025-09-28,999.0,Standard Renewal
TXN-1448-10,USER-1448,2025-07,2025-10-28,999.0,Standard Renewal
TXN-1448-11,USER-1448,2025-07,2025-11-27,999.0,Standard Renewal
TXN-1449-00,USER-1449,2025-01,2025-01-01,599.0,Standard Renewal
TXN-1449-01,USER-1449,2025-01,2025-01-31,419.3,Contraction
TXN-1449-02,USER-1449,2025-01,2025-03-02,599.0,Standard Renewal
TXN-1449-03,USER-1449,2025-01,2025-04-01,599.0,Standard Renewal
TXN-1450-06,USER-1450,2025-06,2025-06-30,299.0,Standard Renewal
TXN-1450-07,USER-1450,2025-06,2025-07-30,299.0,Standard Renewal
TXN-1450-08,USER-1450,2025-06,2025-08-29,299.0,Standard Renewal
TXN-1450-09,USER-1450,2025-06,2025-09-28,388.7,Tier Upgrade
TXN-1450-10,USER-1450,2025-06,2025-10-28,209.3,Contraction
TXN-1452-09,USER-1452,2025-09,2025-09-28,299.0,Standard Renewal
TXN-1452-10,USER-1452,2025-09,2025-10-28,388.7,Tier Upgrade
TXN-1452-11,USER-1452,2025-09,2025-11-27,299.0,Standard Renewal
TXN-1453-11,USER-1453,2025-11,2025-11-27,209.3,Contraction
TXN-1454-08,USER-1454,2025-08,2025-08-29,299.0,Standard Renewal
TXN-1454-09,USER-1454,2025-08,2025-09-28,299.0,Standard Renewal
TXN-1455-03,USER-1455,2025-04,2025-04-01,599.0,Standard Renewal
TXN-1455-04,USER-1455,2025-04,2025-05-01,599.0,Standard Renewal
TXN-1455-05,USER-1455,2025-04,2025-05-31,599.0,Standard Renewal
TXN-1455-06,USER-1455,2025-04,2025-06-30,599.0,Standard Renewal
TXN-1455-07,USER-1455,2025-04,2025-07-30,599.0,Standard Renewal
TXN-1455-08,USER-1455,2025-04,2025-08-29,778.7,Tier Upgrade
TXN-1455-09,USER-1455,2025-04,2025-09-28,599.0,Standard Renewal
TXN-1455-10,USER-1455,2025-04,2025-10-28,778.7,Tier Upgrade
TXN-1455-11,USER-1455,2025-04,2025-11-27,599.0,Standard Renewal
TXN-1456-05,USER-1456,2025-05,2025-05-31,388.7,Tier Upgrade
TXN-1456-06,USER-1456,2025-05,2025-06-30,299.0,Standard Renewal
TXN-1456-07,USER-1456,2025-05,2025-07-30,299.0,Standard Renewal
TXN-1456-08,USER-1456,2025-05,2025-08-29,299.0,Standard Renewal
TXN-1456-09,USER-1456,2025-05,2025-09-28,299.0,Standard Renewal
TXN-1457-04,USER-1457,2025-05,2025-05-01,999.0,Standard Renewal
TXN-1457-05,USER-1457,2025-05,2025-05-31,999.0,Standard Renewal
TXN-1457-06,USER-1457,2025-05,2025-06-30,1298.7,Tier Upgrade
TXN-1457-07,USER-1457,2025-05,2025-07-30,999.0,Standard Renewal
TXN-1457-08,USER-1457,2025-05,2025-08-29,1298.7,Tier Upgrade
TXN-1457-09,USER-1457,2025-05,2025-09-28,699.3,Contraction
TXN-1457-10,USER-1457,2025-05,2025-10-28,999.0,Standard Renewal
TXN-1457-11,USER-1457,2025-05,2025-11-27,999.0,Standard Renewal
TXN-1458-01,USER-1458,2025-01,2025-01-31,299.0,Standard Renewal
TXN-1458-02,USER-1458,2025-01,2025-03-02,299.0,Standard Renewal
TXN-1458-03,USER-1458,2025-01,2025-04-01,299.0,Standard Renewal
TXN-1458-04,USER-1458,2025-01,2025-05-01,299.0,Standard Renewal
TXN-1458-05,USER-1458,2025-01,2025-05-31,299.0,Standard Renewal
TXN-1458-06,USER-1458,2025-01,2025-06-30,299.0,Standard Renewal
TXN-1458-07,USER-1458,2025-01,2025-07-30,299.0,Standard Renewal
TXN-1458-08,USER-1458,2025-01,2025-08-29,299.0,Standard Renewal
TXN-1459-00,USER-1459,2025-01,2025-01-01,699.3,Contraction
TXN-1459-01,USER-1459,2025-01,2025-01-31,999.0,Standard Renewal
TXN-1459-02,USER-1459,2025-01,2025-03-02,999.0,Standard Renewal
TXN-1459-03,USER-1459,2025-01,2025-04-01,999.0,Standard Renewal
TXN-1459-04,USER-1459,2025-01,2025-05-01,999.0,Standard Renewal
TXN-1459-05,USER-1459,2025-01,2025-05-31,999.0,Standard Renewal
TXN-1459-06,USER-1459,2025-01,2025-06-30,999.0,Standard Renewal
TXN-1459-07,USER-1459,2025-01,2025-07-30,999.0,Standard Renewal
TXN-1459-08,USER-1459,2025-01,2025-08-29,999.0,Standard Renewal
TXN-1459-09,USER-1459,2025-01,2025-09-28,999.0,Standard Renewal
TXN-1459-10,USER-1459,2025-01,2025-10-28,1298.7,Tier Upgrade
TXN-1459-11,USER-1459,2025-01,2025-11-27,999.0,Standard Renewal
TXN-1460-11,USER-1460,2025-11,2025-11-27,599.0,Standard Renewal
TXN-1461-07,USER-1461,2025-07,2025-07-30,999.0,Standard Renewal
TXN-1461-08,USER-1461,2025-07,2025-08-29,999.0,Standard Renewal
TXN-1461-09,USER-1461,2025-07,2025-09-28,999.0,Standard Renewal
TXN-1461-10,USER-1461,2025-07,2025-10-28,999.0,Standard Renewal
TXN-1461-11,USER-1461,2025-07,2025-11-27,999.0,Standard Renewal
TXN-1462-05,USER-1462,2025-05,2025-05-31,999.0,Standard Renewal
TXN-1462-06,USER-1462,2025-05,2025-06-30,999.0,Standard Renewal
TXN-1462-07,USER-1462,2025-05,2025-07-30,999.0,Standard Renewal
TXN-1462-08,USER-1462,2025-05,2025-08-29,1298.7,Tier Upgrade
TXN-1462-09,USER-1462,2025-05,2025-09-28,999.0,Standard Renewal
TXN-1462-10,USER-1462,2025-05,2025-10-28,1298.7,Tier Upgrade
TXN-1462-11,USER-1462,2025-05,2025-11-27,999.0,Standard Renewal
TXN-1463-02,USER-1463,2025-03,2025-03-02,999.0,Standard Renewal
TXN-1463-03,USER-1463,2025-03,2025-04-01,999.0,Standard Renewal
TXN-1463-04,USER-1463,2025-03,2025-05-01,999.0,Standard Renewal
TXN-1464-01,USER-1464,2025-01,2025-01-31,299.0,Standard Renewal
TXN-1464-02,USER-1464,2025-01,2025-03-02,299.0,Standard Renewal
TXN-1464-03,USER-1464,2025-01,2025-04-01,299.0,Standard Renewal
TXN-1464-04,USER-1464,2025-01,2025-05-01,299.0,Standard Renewal
TXN-1464-05,USER-1464,2025-01,2025-05-31,299.0,Standard Renewal
TXN-1464-06,USER-1464,2025-01,2025-06-30,299.0,Standard Renewal
TXN-1464-07,USER-1464,2025-01,2025-07-30,299.0,Standard Renewal
TXN-1464-08,USER-1464,2025-01,2025-08-29,299.0,Standard Renewal
TXN-1464-09,USER-1464,2025-01,2025-09-28,388.7,Tier Upgrade
TXN-1464-10,USER-1464,2025-01,2025-10-28,299.0,Standard Renewal
TXN-1465-07,USER-1465,2025-07,2025-07-30,599.0,Standard Renewal
TXN-1465-08,USER-1465,2025-07,2025-08-29,599.0,Standard Renewal
TXN-1466-05,USER-1466,2025-05,2025-05-31,299.0,Standard Renewal
TXN-1466-06,USER-1466,2025-05,2025-06-30,299.0,Standard Renewal
TXN-1466-07,USER-1466,2025-05,2025-07-30,299.0,Standard Renewal
TXN-1466-08,USER-1466,2025-05,2025-08-29,299.0,Standard Renewal
TXN-1466-09,USER-1466,2025-05,2025-09-28,299.0,Standard Renewal
TXN-1466-10,USER-1466,2025-05,2025-10-28,388.7,Tier Upgrade
TXN-1466-11,USER-1466,2025-05,2025-11-27,299.0,Standard Renewal
TXN-1467-08,USER-1467,2025-08,2025-08-29,299.0,Standard Renewal
TXN-1467-09,USER-1467,2025-08,2025-09-28,299.0,Standard Renewal
TXN-1467-10,USER-1467,2025-08,2025-10-28,299.0,Standard Renewal
TXN-1467-11,USER-1467,2025-08,2025-11-27,299.0,Standard Renewal
TXN-1468-10,USER-1468,2025-10,2025-10-28,599.0,Standard Renewal
TXN-1468-11,USER-1468,2025-10,2025-11-27,599.0,Standard Renewal
TXN-1469-10,USER-1469,2025-10,2025-10-28,299.0,Standard Renewal
TXN-1469-11,USER-1469,2025-10,2025-11-27,299.0,Standard Renewal
TXN-1470-01,USER-1470,2025-01,2025-01-31,299.0,Standard Renewal
TXN-1470-02,USER-1470,2025-01,2025-03-02,299.0,Standard Renewal
TXN-1470-03,USER-1470,2025-01,2025-04-01,299.0,Standard Renewal
TXN-1470-04,USER-1470,2025-01,2025-05-01,299.0,Standard Renewal
TXN-1470-05,USER-1470,2025-01,2025-05-31,209.3,Contraction
TXN-1470-06,USER-1470,2025-01,2025-06-30,299.0,Standard Renewal
TXN-1470-07,USER-1470,2025-01,2025-07-30,299.0,Standard Renewal
TXN-1470-08,USER-1470,2025-01,2025-08-29,299.0,Standard Renewal
TXN-1471-04,USER-1471,2025-05,2025-05-01,599.0,Standard Renewal
TXN-1471-05,USER-1471,2025-05,2025-05-31,778.7,Tier Upgrade
TXN-1471-06,USER-1471,2025-05,2025-06-30,599.0,Standard Renewal
TXN-1471-07,USER-1471,2025-05,2025-07-30,599.0,Standard Renewal
TXN-1471-08,USER-1471,2025-05,2025-08-29,599.0,Standard Renewal
TXN-1471-09,USER-1471,2025-05,2025-09-28,599.0,Standard Renewal
TXN-1471-10,USER-1471,2025-05,2025-10-28,599.0,Standard Renewal
TXN-1471-11,USER-1471,2025-05,2025-11-27,599.0,Standard Renewal
TXN-1472-09,USER-1472,2025-09,2025-09-28,299.0,Standard Renewal
TXN-1472-10,USER-1472,2025-09,2025-10-28,299.0,Standard Renewal
TXN-1472-11,USER-1472,2025-09,2025-11-27,299.0,Standard Renewal
TXN-1473-09,USER-1473,2025-09,2025-09-28,999.0,Standard Renewal
TXN-1473-10,USER-1473,2025-09,2025-10-28,999.0,Standard Renewal
TXN-1473-11,USER-1473,2025-09,2025-11-27,999.0,Standard Renewal
TXN-1474-03,USER-1474,2025-04,2025-04-01,999.0,Standard Renewal
TXN-1474-04,USER-1474,2025-04,2025-05-01,1298.7,Tier Upgrade
TXN-1474-05,USER-1474,2025-04,2025-05-31,999.0,Standard Renewal
TXN-1474-06,USER-1474,2025-04,2025-06-30,999.0,Standard Renewal
TXN-1474-07,USER-1474,2025-04,2025-07-30,999.0,Standard Renewal
TXN-1474-08,USER-1474,2025-04,2025-08-29,1298.7,Tier Upgrade
TXN-1474-09,USER-1474,2025-04,2025-09-28,999.0,Standard Renewal
TXN-1475-02,USER-1475,2025-03,2025-03-02,599.0,Standard Renewal
TXN-1476-01,USER-1476,2025-01,2025-01-31,599.0,Standard Renewal
TXN-1476-02,USER-1476,2025-01,2025-03-02,599.0,Standard Renewal
TXN-1477-05,USER-1477,2025-05,2025-05-31,299.0,Standard Renewal
TXN-1477-06,USER-1477,2025-05,2025-06-30,299.0,Standard Renewal
TXN-1477-07,USER-1477,2025-05,2025-07-30,299.0,Standard Renewal
TXN-1477-08,USER-1477,2025-05,2025-08-29,299.0,Standard Renewal
TXN-1478-04,USER-1478,2025-05,2025-05-01,999.0,Standard Renewal
TXN-1478-05,USER-1478,2025-05,2025-05-31,999.0,Standard Renewal
TXN-1478-06,USER-1478,2025-05,2025-06-30,999.0,Standard Renewal
TXN-1478-07,USER-1478,2025-05,2025-07-30,999.0,Standard Renewal
TXN-1478-08,USER-1478,2025-05,2025-08-29,999.0,Standard Renewal
TXN-1478-09,USER-1478,2025-05,2025-09-28,999.0,Standard Renewal
TXN-1480-07,USER-1480,2025-07,2025-07-30,599.0,Standard Renewal
TXN-1480-08,USER-1480,2025-07,2025-08-29,599.0,Standard Renewal
TXN-1480-09,USER-1480,2025-07,2025-09-28,599.0,Standard Renewal
TXN-1480-10,USER-1480,2025-07,2025-10-28,599.0,Standard Renewal
TXN-1480-11,USER-1480,2025-07,2025-11-27,778.7,Tier Upgrade
TXN-1481-08,USER-1481,2025-08,2025-08-29,299.0,Standard Renewal
TXN-1481-09,USER-1481,2025-08,2025-09-28,299.0,Standard Renewal
TXN-1481-10,USER-1481,2025-08,2025-10-28,299.0,Standard Renewal
TXN-1481-11,USER-1481,2025-08,2025-11-27,209.3,Contraction
TXN-1482-02,USER-1482,2025-03,2025-03-02,299.0,Standard Renewal
TXN-1482-03,USER-1482,2025-03,2025-04-01,299.0,Standard Renewal
TXN-1482-04,USER-1482,2025-03,2025-05-01,299.0,Standard Renewal
TXN-1482-05,USER-1482,2025-03,2025-05-31,299.0,Standard Renewal
TXN-1482-06,USER-1482,2025-03,2025-06-30,388.7,Tier Upgrade
TXN-1482-07,USER-1482,2025-03,2025-07-30,299.0,Standard Renewal
TXN-1483-02,USER-1483,2025-03,2025-03-02,599.0,Standard Renewal
TXN-1483-03,USER-1483,2025-03,2025-04-01,599.0,Standard Renewal
TXN-1484-04,USER-1484,2025-05,2025-05-01,699.3,Contraction
TXN-1484-05,USER-1484,2025-05,2025-05-31,699.3,Contraction
TXN-1484-06,USER-1484,2025-05,2025-06-30,999.0,Standard Renewal
TXN-1484-07,USER-1484,2025-05,2025-07-30,999.0,Standard Renewal
TXN-1484-08,USER-1484,2025-05,2025-08-29,999.0,Standard Renewal
TXN-1485-00,USER-1485,2025-01,2025-01-01,999.0,Standard Renewal
TXN-1485-01,USER-1485,2025-01,2025-01-31,999.0,Standard Renewal
TXN-1485-02,USER-1485,2025-01,2025-03-02,999.0,Standard Renewal
TXN-1485-03,USER-1485,2025-01,2025-04-01,999.0,Standard Renewal
TXN-1485-04,USER-1485,2025-01,2025-05-01,999.0,Standard Renewal
TXN-1485-05,USER-1485,2025-01,2025-05-31,1298.7,Tier Upgrade
TXN-1486-10,USER-1486,2025-10,2025-10-28,599.0,Standard Renewal
TXN-1486-11,USER-1486,2025-10,2025-11-27,599.0,Standard Renewal
TXN-1487-11,USER-1487,2025-11,2025-11-27,1298.7,Tier Upgrade
TXN-1488-01,USER-1488,2025-01,2025-01-31,299.0,Standard Renewal
TXN-1488-02,USER-1488,2025-01,2025-03-02,299.0,Standard Renewal
TXN-1488-03,USER-1488,2025-01,2025-04-01,299.0,Standard Renewal
TXN-1489-05,USER-1489,2025-05,2025-05-31,299.0,Standard Renewal
TXN-1489-06,USER-1489,2025-05,2025-06-30,299.0,Standard Renewal
TXN-1489-07,USER-1489,2025-05,2025-07-30,299.0,Standard Renewal
TXN-1489-08,USER-1489,2025-05,2025-08-29,299.0,Standard Renewal
TXN-1490-03,USER-1490,2025-04,2025-04-01,299.0,Standard Renewal
TXN-1490-04,USER-1490,2025-04,2025-05-01,299.0,Standard Renewal
TXN-1490-05,USER-1490,2025-04,2025-05-31,209.3,Contraction
TXN-1490-06,USER-1490,2025-04,2025-06-30,299.0,Standard Renewal
TXN-1490-07,USER-1490,2025-04,2025-07-30,299.0,Standard Renewal
TXN-1490-08,USER-1490,2025-04,2025-08-29,299.0,Standard Renewal
TXN-1490-09,USER-1490,2025-04,2025-09-28,299.0,Standard Renewal
TXN-1491-10,USER-1491,2025-10,2025-10-28,299.0,Standard Renewal
TXN-1491-11,USER-1491,2025-10,2025-11-27,299.0,Standard Renewal
TXN-1492-02,USER-1492,2025-03,2025-03-02,999.0,Standard Renewal
TXN-1492-03,USER-1492,2025-03,2025-04-01,999.0,Standard Renewal
TXN-1492-04,USER-1492,2025-03,2025-05-01,999.0,Standard Renewal
TXN-1492-05,USER-1492,2025-03,2025-05-31,1298.7,Tier Upgrade
TXN-1493-09,USER-1493,2025-09,2025-09-28,299.0,Standard Renewal
TXN-1493-10,USER-1493,2025-09,2025-10-28,209.3,Contraction
TXN-1493-11,USER-1493,2025-09,2025-11-27,299.0,Standard Renewal
TXN-1494-05,USER-1494,2025-05,2025-05-31,599.0,Standard Renewal
TXN-1494-06,USER-1494,2025-05,2025-06-30,599.0,Standard Renewal
TXN-1494-07,USER-1494,2025-05,2025-07-30,599.0,Standard Renewal
TXN-1494-08,USER-1494,2025-05,2025-08-29,599.0,Standard Renewal
TXN-1494-09,USER-1494,2025-05,2025-09-28,419.3,Contraction
TXN-1494-10,USER-1494,2025-05,2025-10-28,599.0,Standard Renewal
TXN-1494-11,USER-1494,2025-05,2025-11-27,778.7,Tier Upgrade
TXN-1495-05,USER-1495,2025-05,2025-05-31,388.7,Tier Upgrade
TXN-1495-06,USER-1495,2025-05,2025-06-30,299.0,Standard Renewal
TXN-1495-07,USER-1495,2025-05,2025-07-30,299.0,Standard Renewal
TXN-1495-08,USER-1495,2025-05,2025-08-29,388.7,Tier Upgrade
TXN-1495-09,USER-1495,2025-05,2025-09-28,299.0,Standard Renewal
TXN-1496-11,USER-1496,2025-11,2025-11-27,299.0,Standard Renewal
TXN-1497-09,USER-1497,2025-09,2025-09-28,599.0,Standard Renewal
TXN-1497-10,USER-1497,2025-09,2025-10-28,778.7,Tier Upgrade
TXN-1497-11,USER-1497,2025-09,2025-11-27,599.0,Standard Renewal
TXN-1498-05,USER-1498,2025-05,2025-05-31,299.0,Standard Renewal
TXN-1498-06,USER-1498,2025-05,2025-06-30,299.0,Standard Renewal
TXN-1498-07,USER-1498,2025-05,2025-07-30,299.0,Standard Renewal
TXN-1498-08,USER-1498,2025-05,2025-08-29,388.7,Tier Upgrade
TXN-1498-09,USER-1498,2025-05,2025-09-28,299.0,Standard Renewal
TXN-1498-10,USER-1498,2025-05,2025-10-28,299.0,Standard Renewal
TXN-1498-11,USER-1498,2025-05,2025-11-27,299.0,Standard Renewal
TXN-1499-02,USER-1499,2025-03,2025-03-02,599.0,Standard Renewal
TXN-1499-03,USER-1499,2025-03,2025-04-01,599.0,Standard Renewal
TXN-1499-04,USER-1499,2025-03,2025-05-01,599.0,Standard Renewal
TXN-1499-05,USER-1499,2025-03,2025-05-31,599.0,Standard Renewal
TXN-1499-06,USER-1499,2025-03,2025-06-30,599.0,Standard Renewal
TXN-1500-11,USER-1500,2025-11,2025-11-27,599.0,Standard Renewal
TXN-1501-11,USER-1501,2025-11,2025-11-27,778.7,Tier Upgrade
TXN-1502-03,USER-1502,2025-04,2025-04-01,209.3,Contraction
TXN-1502-04,USER-1502,2025-04,2025-05-01,388.7,Tier Upgrade
TXN-1502-05,USER-1502,2025-04,2025-05-31,299.0,Standard Renewal
TXN-1502-06,USER-1502,2025-04,2025-06-30,299.0,Standard Renewal
TXN-1502-07,USER-1502,2025-04,2025-07-30,299.0,Standard Renewal
TXN-1503-04,USER-1503,2025-05,2025-05-01,999.0,Standard Renewal
TXN-1503-05,USER-1503,2025-05,2025-05-31,999.0,Standard Renewal
TXN-1503-06,USER-1503,2025-05,2025-06-30,999.0,Standard Renewal
TXN-1503-07,USER-1503,2025-05,2025-07-30,999.0,Standard Renewal
TXN-1503-08,USER-1503,2025-05,2025-08-29,699.3,Contraction
TXN-1503-09,USER-1503,2025-05,2025-09-28,999.0,Standard Renewal
TXN-1503-10,USER-1503,2025-05,2025-10-28,999.0,Standard Renewal
TXN-1503-11,USER-1503,2025-05,2025-11-27,999.0,Standard Renewal
TXN-1504-00,USER-1504,2025-01,2025-01-01,599.0,Standard Renewal
TXN-1504-01,USER-1504,2025-01,2025-01-31,599.0,Standard Renewal
TXN-1505-01,USER-1505,2025-01,2025-01-31,999.0,Standard Renewal
TXN-1505-02,USER-1505,2025-01,2025-03-02,999.0,Standard Renewal
TXN-1505-03,USER-1505,2025-01,2025-04-01,999.0,Standard Renewal
TXN-1505-04,USER-1505,2025-01,2025-05-01,1298.7,Tier Upgrade
TXN-1505-05,USER-1505,2025-01,2025-05-31,999.0,Standard Renewal
TXN-1505-06,USER-1505,2025-01,2025-06-30,999.0,Standard Renewal
TXN-1505-07,USER-1505,2025-01,2025-07-30,999.0,Standard Renewal
TXN-1506-06,USER-1506,2025-06,2025-06-30,999.0,Standard Renewal
TXN-1506-07,USER-1506,2025-06,2025-07-30,1298.7,Tier Upgrade
TXN-1506-08,USER-1506,2025-06,2025-08-29,999.0,Standard Renewal
TXN-1507-10,USER-1507,2025-10,2025-10-28,599.0,Standard Renewal
TXN-1507-11,USER-1507,2025-10,2025-11-27,599.0,Standard Renewal
TXN-1508-11,USER-1508,2025-11,2025-11-27,299.0,Standard Renewal
TXN-1509-00,USER-1509,2025-01,2025-01-01,999.0,Standard Renewal
TXN-1509-01,USER-1509,2025-01,2025-01-31,699.3,Contraction
TXN-1509-02,USER-1509,2025-01,2025-03-02,999.0,Standard Renewal
TXN-1509-03,USER-1509,2025-01,2025-04-01,1298.7,Tier Upgrade
TXN-1509-04,USER-1509,2025-01,2025-05-01,999.0,Standard Renewal
TXN-1509-05,USER-1509,2025-01,2025-05-31,999.0,Standard Renewal
TXN-1509-06,USER-1509,2025-01,2025-06-30,1298.7,Tier Upgrade
TXN-1509-07,USER-1509,2025-01,2025-07-30,999.0,Standard Renewal
TXN-1509-08,USER-1509,2025-01,2025-08-29,999.0,Standard Renewal
TXN-1509-09,USER-1509,2025-01,2025-09-28,1298.7,Tier Upgrade
TXN-1509-10,USER-1509,2025-01,2025-10-28,999.0,Standard Renewal
TXN-1509-11,USER-1509,2025-01,2025-11-27,999.0,Standard Renewal
TXN-1510-08,USER-1510,2025-08,2025-08-29,299.0,Standard Renewal
TXN-1510-09,USER-1510,2025-08,2025-09-28,299.0,Standard Renewal
TXN-1510-10,USER-1510,2025-08,2025-10-28,299.0,Standard Renewal
TXN-1510-11,USER-1510,2025-08,2025-11-27,299.0,Standard Renewal
TXN-1511-11,USER-1511,2025-11,2025-11-27,299.0,Standard Renewal
TXN-1512-02,USER-1512,2025-03,2025-03-02,999.0,Standard Renewal
TXN-1512-03,USER-1512,2025-03,2025-04-01,999.0,Standard Renewal
TXN-1512-04,USER-1512,2025-03,2025-05-01,999.0,Standard Renewal
TXN-1512-05,USER-1512,2025-03,2025-05-31,999.0,Standard Renewal
TXN-1512-06,USER-1512,2025-03,2025-06-30,999.0,Standard Renewal
TXN-1513-11,USER-1513,2025-11,2025-11-27,999.0,Standard Renewal
TXN-1514-10,USER-1514,2025-10,2025-10-28,999.0,Standard Renewal
TXN-1514-11,USER-1514,2025-10,2025-11-27,999.0,Standard Renewal
TXN-1515-03,USER-1515,2025-04,2025-04-01,999.0,Standard Renewal
TXN-1515-04,USER-1515,2025-04,2025-05-01,999.0,Standard Renewal
TXN-1515-05,USER-1515,2025-04,2025-05-31,999.0,Standard Renewal
TXN-1515-06,USER-1515,2025-04,2025-06-30,999.0,Standard Renewal
TXN-1515-07,USER-1515,2025-04,2025-07-30,999.0,Standard Renewal
TXN-1516-02,USER-1516,2025-03,2025-03-02,599.0,Standard Renewal
TXN-1516-03,USER-1516,2025-03,2025-04-01,599.0,Standard Renewal
TXN-1516-04,USER-1516,2025-03,2025-05-01,599.0,Standard Renewal
TXN-1516-05,USER-1516,2025-03,2025-05-31,599.0,Standard Renewal
TXN-1516-06,USER-1516,2025-03,2025-06-30,599.0,Standard Renewal
TXN-1516-07,USER-1516,2025-03,2025-07-30,599.0,Standard Renewal
TXN-1516-08,USER-1516,2025-03,2025-08-29,599.0,Standard Renewal
TXN-1516-09,USER-1516,2025-03,2025-09-28,599.0,Standard Renewal
TXN-1517-07,USER-1517,2025-07,2025-07-30,699.3,Contraction
TXN-1517-08,USER-1517,2025-07,2025-08-29,1298.7,Tier Upgrade
TXN-1517-09,USER-1517,2025-07,2025-09-28,999.0,Standard Renewal
TXN-1517-10,USER-1517,2025-07,2025-10-28,999.0,Standard Renewal
TXN-1517-11,USER-1517,2025-07,2025-11-27,999.0,Standard Renewal
TXN-1518-01,USER-1518,2025-01,2025-01-31,299.0,Standard Renewal
TXN-1518-02,USER-1518,2025-01,2025-03-02,299.0,Standard Renewal
TXN-1518-03,USER-1518,2025-01,2025-04-01,299.0,Standard Renewal
TXN-1518-04,USER-1518,2025-01,2025-05-01,299.0,Standard Renewal
TXN-1519-04,USER-1519,2025-05,2025-05-01,299.0,Standard Renewal
TXN-1519-05,USER-1519,2025-05,2025-05-31,299.0,Standard Renewal
TXN-1519-06,USER-1519,2025-05,2025-06-30,299.0,Standard Renewal
TXN-1519-07,USER-1519,2025-05,2025-07-30,299.0,Standard Renewal
TXN-1520-07,USER-1520,2025-07,2025-07-30,599.0,Standard Renewal
TXN-1520-08,USER-1520,2025-07,2025-08-29,599.0,Standard Renewal
TXN-1520-09,USER-1520,2025-07,2025-09-28,599.0,Standard Renewal
TXN-1520-10,USER-1520,2025-07,2025-10-28,778.7,Tier Upgrade
TXN-1520-11,USER-1520,2025-07,2025-11-27,599.0,Standard Renewal
TXN-1521-09,USER-1521,2025-09,2025-09-28,209.3,Contraction
TXN-1521-10,USER-1521,2025-09,2025-10-28,299.0,Standard Renewal
TXN-1521-11,USER-1521,2025-09,2025-11-27,299.0,Standard Renewal
TXN-1522-00,USER-1522,2025-01,2025-01-01,299.0,Standard Renewal
TXN-1522-01,USER-1522,2025-01,2025-01-31,299.0,Standard Renewal
TXN-1522-02,USER-1522,2025-01,2025-03-02,299.0,Standard Renewal
TXN-1522-03,USER-1522,2025-01,2025-04-01,209.3,Contraction
TXN-1522-04,USER-1522,2025-01,2025-05-01,299.0,Standard Renewal
TXN-1522-05,USER-1522,2025-01,2025-05-31,299.0,Standard Renewal
TXN-1523-01,USER-1523,2025-01,2025-01-31,999.0,Standard Renewal
TXN-1523-02,USER-1523,2025-01,2025-03-02,999.0,Standard Renewal
TXN-1523-03,USER-1523,2025-01,2025-04-01,999.0,Standard Renewal
TXN-1523-04,USER-1523,2025-01,2025-05-01,999.0,Standard Renewal
TXN-1523-05,USER-1523,2025-01,2025-05-31,999.0,Standard Renewal
TXN-1523-06,USER-1523,2025-01,2025-06-30,999.0,Standard Renewal
TXN-1523-07,USER-1523,2025-01,2025-07-30,1298.7,Tier Upgrade
TXN-1523-08,USER-1523,2025-01,2025-08-29,1298.7,Tier Upgrade
TXN-1523-09,USER-1523,2025-01,2025-09-28,999.0,Standard Renewal
TXN-1523-10,USER-1523,2025-01,2025-10-28,999.0,Standard Renewal
TXN-1523-11,USER-1523,2025-01,2025-11-27,999.0,Standard Renewal
TXN-1524-09,USER-1524,2025-09,2025-09-28,419.3,Contraction
TXN-1524-10,USER-1524,2025-09,2025-10-28,599.0,Standard Renewal
TXN-1524-11,USER-1524,2025-09,2025-11-27,599.0,Standard Renewal
TXN-1525-06,USER-1525,2025-06,2025-06-30,999.0,Standard Renewal
TXN-1525-07,USER-1525,2025-06,2025-07-30,999.0,Standard Renewal
TXN-1525-08,USER-1525,2025-06,2025-08-29,699.3,Contraction
TXN-1525-09,USER-1525,2025-06,2025-09-28,999.0,Standard Renewal
TXN-1525-10,USER-1525,2025-06,2025-10-28,999.0,Standard Renewal
TXN-1525-11,USER-1525,2025-06,2025-11-27,999.0,Standard Renewal
TXN-1526-07,USER-1526,2025-07,2025-07-30,599.0,Standard Renewal
TXN-1526-08,USER-1526,2025-07,2025-08-29,599.0,Standard Renewal
TXN-1526-09,USER-1526,2025-07,2025-09-28,599.0,Standard Renewal
TXN-1526-10,USER-1526,2025-07,2025-10-28,599.0,Standard Renewal
TXN-1526-11,USER-1526,2025-07,2025-11-27,599.0,Standard Renewal
TXN-1527-07,USER-1527,2025-07,2025-07-30,999.0,Standard Renewal
TXN-1527-08,USER-1527,2025-07,2025-08-29,999.0,Standard Renewal
TXN-1527-09,USER-1527,2025-07,2025-09-28,999.0,Standard Renewal
TXN-1527-10,USER-1527,2025-07,2025-10-28,999.0,Standard Renewal
TXN-1527-11,USER-1527,2025-07,2025-11-27,999.0,Standard Renewal
TXN-1528-08,USER-1528,2025-08,2025-08-29,299.0,Standard Renewal
TXN-1529-02,USER-1529,2025-03,2025-03-02,299.0,Standard Renewal
TXN-1529-03,USER-1529,2025-03,2025-04-01,299.0,Standard Renewal
TXN-1529-04,USER-1529,2025-03,2025-05-01,299.0,Standard Renewal
TXN-1529-05,USER-1529,2025-03,2025-05-31,299.0,Standard Renewal
TXN-1529-06,USER-1529,2025-03,2025-06-30,299.0,Standard Renewal
TXN-1529-07,USER-1529,2025-03,2025-07-30,209.3,Contraction
TXN-1529-08,USER-1529,2025-03,2025-08-29,299.0,Standard Renewal
TXN-1529-09,USER-1529,2025-03,2025-09-28,299.0,Standard Renewal
TXN-1529-10,USER-1529,2025-03,2025-10-28,299.0,Standard Renewal
TXN-1529-11,USER-1529,2025-03,2025-11-27,299.0,Standard Renewal
TXN-1530-10,USER-1530,2025-10,2025-10-28,599.0,Standard Renewal
TXN-1530-11,USER-1530,2025-10,2025-11-27,599.0,Standard Renewal
TXN-1531-11,USER-1531,2025-11,2025-11-27,999.0,Standard Renewal
TXN-1532-02,USER-1532,2025-03,2025-03-02,299.0,Standard Renewal
TXN-1532-03,USER-1532,2025-03,2025-04-01,299.0,Standard Renewal
TXN-1532-04,USER-1532,2025-03,2025-05-01,299.0,Standard Renewal
TXN-1532-05,USER-1532,2025-03,2025-05-31,388.7,Tier Upgrade
TXN-1533-01,USER-1533,2025-01,2025-01-31,419.3,Contraction
TXN-1533-02,USER-1533,2025-01,2025-03-02,599.0,Standard Renewal
TXN-1533-03,USER-1533,2025-01,2025-04-01,599.0,Standard Renewal
TXN-1533-04,USER-1533,2025-01,2025-05-01,599.0,Standard Renewal
TXN-1533-05,USER-1533,2025-01,2025-05-31,778.7,Tier Upgrade
TXN-1534-11,USER-1534,2025-11,2025-11-27,299.0,Standard Renewal
TXN-1535-09,USER-1535,2025-09,2025-09-28,599.0,Standard Renewal
TXN-1535-10,USER-1535,2025-09,2025-10-28,599.0,Standard Renewal
TXN-1535-11,USER-1535,2025-09,2025-11-27,599.0,Standard Renewal
TXN-1536-09,USER-1536,2025-09,2025-09-28,999.0,Standard Renewal
TXN-1536-10,USER-1536,2025-09,2025-10-28,999.0,Standard Renewal
TXN-1536-11,USER-1536,2025-09,2025-11-27,999.0,Standard Renewal
TXN-1537-02,USER-1537,2025-03,2025-03-02,699.3,Contraction
TXN-1537-03,USER-1537,2025-03,2025-04-01,999.0,Standard Renewal
TXN-1537-04,USER-1537,2025-03,2025-05-01,999.0,Standard Renewal
TXN-1537-05,USER-1537,2025-03,2025-05-31,999.0,Standard Renewal
TXN-1537-06,USER-1537,2025-03,2025-06-30,999.0,Standard Renewal
TXN-1537-07,USER-1537,2025-03,2025-07-30,1298.7,Tier Upgrade
TXN-1537-08,USER-1537,2025-03,2025-08-29,999.0,Standard Renewal
TXN-1537-09,USER-1537,2025-03,2025-09-28,999.0,Standard Renewal
TXN-1537-10,USER-1537,2025-03,2025-10-28,999.0,Standard Renewal
TXN-1537-11,USER-1537,2025-03,2025-11-27,1298.7,Tier Upgrade
TXN-1538-01,USER-1538,2025-01,2025-01-31,299.0,Standard Renewal
TXN-1538-02,USER-1538,2025-01,2025-03-02,299.0,Standard Renewal
TXN-1538-03,USER-1538,2025-01,2025-04-01,299.0,Standard Renewal
TXN-1538-04,USER-1538,2025-01,2025-05-01,299.0,Standard Renewal
TXN-1538-05,USER-1538,2025-01,2025-05-31,299.0,Standard Renewal
TXN-1538-06,USER-1538,2025-01,2025-06-30,299.0,Standard Renewal
TXN-1538-07,USER-1538,2025-01,2025-07-30,299.0,Standard Renewal
TXN-1538-08,USER-1538,2025-01,2025-08-29,299.0,Standard Renewal
TXN-1539-02,USER-1539,2025-03,2025-03-02,599.0,Standard Renewal
TXN-1539-03,USER-1539,2025-03,2025-04-01,599.0,Standard Renewal
TXN-1540-07,USER-1540,2025-07,2025-07-30,599.0,Standard Renewal
TXN-1540-08,USER-1540,2025-07,2025-08-29,599.0,Standard Renewal
TXN-1540-09,USER-1540,2025-07,2025-09-28,599.0,Standard Renewal
TXN-1540-10,USER-1540,2025-07,2025-10-28,599.0,Standard Renewal
TXN-1540-11,USER-1540,2025-07,2025-11-27,599.0,Standard Renewal
TXN-1541-00,USER-1541,2025-01,2025-01-01,299.0,Standard Renewal
TXN-1541-01,USER-1541,2025-01,2025-01-31,388.7,Tier Upgrade
TXN-1541-02,USER-1541,2025-01,2025-03-02,299.0,Standard Renewal
TXN-1541-03,USER-1541,2025-01,2025-04-01,209.3,Contraction
TXN-1541-04,USER-1541,2025-01,2025-05-01,299.0,Standard Renewal
TXN-1541-05,USER-1541,2025-01,2025-05-31,299.0,Standard Renewal
TXN-1542-09,USER-1542,2025-09,2025-09-28,299.0,Standard Renewal
TXN-1543-00,USER-1543,2025-01,2025-01-01,299.0,Standard Renewal
TXN-1543-01,USER-1543,2025-01,2025-01-31,299.0,Standard Renewal
TXN-1543-02,USER-1543,2025-01,2025-03-02,299.0,Standard Renewal
TXN-1543-03,USER-1543,2025-01,2025-04-01,299.0,Standard Renewal
TXN-1543-04,USER-1543,2025-01,2025-05-01,299.0,Standard Renewal
TXN-1543-05,USER-1543,2025-01,2025-05-31,299.0,Standard Renewal
TXN-1543-06,USER-1543,2025-01,2025-06-30,299.0,Standard Renewal
TXN-1543-07,USER-1543,2025-01,2025-07-30,388.7,Tier Upgrade
TXN-1543-08,USER-1543,2025-01,2025-08-29,299.0,Standard Renewal
TXN-1544-11,USER-1544,2025-11,2025-11-27,1298.7,Tier Upgrade
TXN-1545-09,USER-1545,2025-09,2025-09-28,299.0,Standard Renewal
TXN-1545-10,USER-1545,2025-09,2025-10-28,299.0,Standard Renewal
TXN-1545-11,USER-1545,2025-09,2025-11-27,299.0,Standard Renewal
TXN-1546-01,USER-1546,2025-01,2025-01-31,999.0,Standard Renewal
TXN-1546-02,USER-1546,2025-01,2025-03-02,999.0,Standard Renewal
TXN-1546-03,USER-1546,2025-01,2025-04-01,999.0,Standard Renewal
TXN-1546-04,USER-1546,2025-01,2025-05-01,999.0,Standard Renewal
TXN-1546-05,USER-1546,2025-01,2025-05-31,999.0,Standard Renewal
TXN-1546-06,USER-1546,2025-01,2025-06-30,999.0,Standard Renewal
TXN-1547-11,USER-1547,2025-11,2025-11-27,999.0,Standard Renewal
TXN-1548-05,USER-1548,2025-05,2025-05-31,999.0,Standard Renewal
TXN-1548-06,USER-1548,2025-05,2025-06-30,999.0,Standard Renewal
TXN-1548-07,USER-1548,2025-05,2025-07-30,999.0,Standard Renewal
TXN-1549-11,USER-1549,2025-11,2025-11-27,599.0,Standard Renewal
TXN-1550-09,USER-1550,2025-09,2025-09-28,299.0,Standard Renewal
TXN-1550-10,USER-1550,2025-09,2025-10-28,299.0,Standard Renewal
TXN-1550-11,USER-1550,2025-09,2025-11-27,299.0,Standard Renewal
TXN-1551-05,USER-1551,2025-05,2025-05-31,599.0,Standard Renewal
TXN-1551-06,USER-1551,2025-05,2025-06-30,599.0,Standard Renewal
TXN-1551-07,USER-1551,2025-05,2025-07-30,599.0,Standard Renewal
TXN-1551-08,USER-1551,2025-05,2025-08-29,599.0,Standard Renewal
TXN-1551-09,USER-1551,2025-05,2025-09-28,599.0,Standard Renewal
TXN-1551-10,USER-1551,2025-05,2025-10-28,778.7,Tier Upgrade
TXN-1551-11,USER-1551,2025-05,2025-11-27,599.0,Standard Renewal
TXN-1552-05,USER-1552,2025-05,2025-05-31,599.0,Standard Renewal
TXN-1552-06,USER-1552,2025-05,2025-06-30,599.0,Standard Renewal
TXN-1552-07,USER-1552,2025-05,2025-07-30,599.0,Standard Renewal
TXN-1552-08,USER-1552,2025-05,2025-08-29,599.0,Standard Renewal
TXN-1552-09,USER-1552,2025-05,2025-09-28,599.0,Standard Renewal
TXN-1552-10,USER-1552,2025-05,2025-10-28,599.0,Standard Renewal
TXN-1552-11,USER-1552,2025-05,2025-11-27,599.0,Standard Renewal
TXN-1553-05,USER-1553,2025-05,2025-05-31,599.0,Standard Renewal
TXN-1553-06,USER-1553,2025-05,2025-06-30,599.0,Standard Renewal
TXN-1553-07,USER-1553,2025-05,2025-07-30,599.0,Standard Renewal
TXN-1553-08,USER-1553,2025-05,2025-08-29,599.0,Standard Renewal
TXN-1553-09,USER-1553,2025-05,2025-09-28,599.0,Standard Renewal
TXN-1554-05,USER-1554,2025-05,2025-05-31,599.0,Standard Renewal
TXN-1554-06,USER-1554,2025-05,2025-06-30,599.0,Standard Renewal
TXN-1554-07,USER-1554,2025-05,2025-07-30,778.7,Tier Upgrade
TXN-1554-08,USER-1554,2025-05,2025-08-29,599.0,Standard Renewal
TXN-1554-09,USER-1554,2025-05,2025-09-28,599.0,Standard Renewal
TXN-1554-10,USER-1554,2025-05,2025-10-28,599.0,Standard Renewal
TXN-1554-11,USER-1554,2025-05,2025-11-27,599.0,Standard Renewal
TXN-1555-00,USER-1555,2025-01,2025-01-01,999.0,Standard Renewal
TXN-1555-01,USER-1555,2025-01,2025-01-31,999.0,Standard Renewal
TXN-1555-02,USER-1555,2025-01,2025-03-02,999.0,Standard Renewal
TXN-1556-05,USER-1556,2025-05,2025-05-31,299.0,Standard Renewal
TXN-1556-06,USER-1556,2025-05,2025-06-30,388.7,Tier Upgrade
TXN-1556-07,USER-1556,2025-05,2025-07-30,299.0,Standard Renewal
TXN-1556-08,USER-1556,2025-05,2025-08-29,299.0,Standard Renewal
TXN-1556-09,USER-1556,2025-05,2025-09-28,299.0,Standard Renewal
TXN-1557-06,USER-1557,2025-06,2025-06-30,599.0,Standard Renewal
TXN-1557-07,USER-1557,2025-06,2025-07-30,599.0,Standard Renewal
TXN-1557-08,USER-1557,2025-06,2025-08-29,599.0,Standard Renewal
TXN-1557-09,USER-1557,2025-06,2025-09-28,599.0,Standard Renewal
TXN-1557-10,USER-1557,2025-06,2025-10-28,599.0,Standard Renewal
TXN-1558-02,USER-1558,2025-03,2025-03-02,999.0,Standard Renewal
TXN-1558-03,USER-1558,2025-03,2025-04-01,1298.7,Tier Upgrade
TXN-1558-04,USER-1558,2025-03,2025-05-01,999.0,Standard Renewal
TXN-1559-10,USER-1559,2025-10,2025-10-28,999.0,Standard Renewal
TXN-1559-11,USER-1559,2025-10,2025-11-27,999.0,Standard Renewal
TXN-1560-01,USER-1560,2025-01,2025-01-31,1298.7,Tier Upgrade
TXN-1560-02,USER-1560,2025-01,2025-03-02,999.0,Standard Renewal
TXN-1560-03,USER-1560,2025-01,2025-04-01,999.0,Standard Renewal
TXN-1561-07,USER-1561,2025-07,2025-07-30,299.0,Standard Renewal
TXN-1561-08,USER-1561,2025-07,2025-08-29,299.0,Standard Renewal
TXN-1561-09,USER-1561,2025-07,2025-09-28,299.0,Standard Renewal
TXN-1561-10,USER-1561,2025-07,2025-10-28,299.0,Standard Renewal
TXN-1561-11,USER-1561,2025-07,2025-11-27,299.0,Standard Renewal
TXN-1562-05,USER-1562,2025-05,2025-05-31,299.0,Standard Renewal
TXN-1562-06,USER-1562,2025-05,2025-06-30,299.0,Standard Renewal
TXN-1562-07,USER-1562,2025-05,2025-07-30,299.0,Standard Renewal
TXN-1562-08,USER-1562,2025-05,2025-08-29,299.0,Standard Renewal
TXN-1562-09,USER-1562,2025-05,2025-09-28,299.0,Standard Renewal
TXN-1562-10,USER-1562,2025-05,2025-10-28,299.0,Standard Renewal
TXN-1563-10,USER-1563,2025-10,2025-10-28,388.7,Tier Upgrade
TXN-1563-11,USER-1563,2025-10,2025-11-27,299.0,Standard Renewal
TXN-1564-08,USER-1564,2025-08,2025-08-29,599.0,Standard Renewal
TXN-1564-09,USER-1564,2025-08,2025-09-28,599.0,Standard Renewal
TXN-1564-10,USER-1564,2025-08,2025-10-28,599.0,Standard Renewal
TXN-1564-11,USER-1564,2025-08,2025-11-27,419.3,Contraction
TXN-1565-07,USER-1565,2025-07,2025-07-30,388.7,Tier Upgrade
TXN-1565-08,USER-1565,2025-07,2025-08-29,299.0,Standard Renewal
TXN-1565-09,USER-1565,2025-07,2025-09-28,299.0,Standard Renewal
TXN-1565-10,USER-1565,2025-07,2025-10-28,299.0,Standard Renewal
TXN-1565-11,USER-1565,2025-07,2025-11-27,299.0,Standard Renewal
TXN-1566-00,USER-1566,2025-01,2025-01-01,999.0,Standard Renewal
TXN-1566-01,USER-1566,2025-01,2025-01-31,999.0,Standard Renewal
TXN-1566-02,USER-1566,2025-01,2025-03-02,999.0,Standard Renewal
TXN-1566-03,USER-1566,2025-01,2025-04-01,999.0,Standard Renewal
TXN-1566-04,USER-1566,2025-01,2025-05-01,699.3,Contraction
TXN-1566-05,USER-1566,2025-01,2025-05-31,999.0,Standard Renewal
TXN-1566-06,USER-1566,2025-01,2025-06-30,999.0,Standard Renewal
TXN-1566-07,USER-1566,2025-01,2025-07-30,999.0,Standard Renewal
TXN-1566-08,USER-1566,2025-01,2025-08-29,999.0,Standard Renewal
TXN-1567-11,USER-1567,2025-11,2025-11-27,599.0,Standard Renewal
TXN-1568-10,USER-1568,2025-10,2025-10-28,599.0,Standard Renewal
TXN-1568-11,USER-1568,2025-10,2025-11-27,599.0,Standard Renewal
TXN-1569-08,USER-1569,2025-08,2025-08-29,299.0,Standard Renewal
TXN-1569-09,USER-1569,2025-08,2025-09-28,299.0,Standard Renewal
TXN-1569-10,USER-1569,2025-08,2025-10-28,299.0,Standard Renewal
TXN-1569-11,USER-1569,2025-08,2025-11-27,299.0,Standard Renewal
TXN-1570-05,USER-1570,2025-05,2025-05-31,999.0,Standard Renewal
TXN-1570-06,USER-1570,2025-05,2025-06-30,999.0,Standard Renewal
TXN-1570-07,USER-1570,2025-05,2025-07-30,1298.7,Tier Upgrade
TXN-1571-08,USER-1571,2025-08,2025-08-29,999.0,Standard Renewal
TXN-1571-09,USER-1571,2025-08,2025-09-28,999.0,Standard Renewal
TXN-1571-10,USER-1571,2025-08,2025-10-28,999.0,Standard Renewal
TXN-1571-11,USER-1571,2025-08,2025-11-27,999.0,Standard Renewal
TXN-1572-03,USER-1572,2025-04,2025-04-01,599.0,Standard Renewal
TXN-1572-04,USER-1572,2025-04,2025-05-01,599.0,Standard Renewal
TXN-1572-05,USER-1572,2025-04,2025-05-31,599.0,Standard Renewal
TXN-1572-06,USER-1572,2025-04,2025-06-30,599.0,Standard Renewal
TXN-1572-07,USER-1572,2025-04,2025-07-30,599.0,Standard Renewal
TXN-1572-08,USER-1572,2025-04,2025-08-29,599.0,Standard Renewal
TXN-1572-09,USER-1572,2025-04,2025-09-28,599.0,Standard Renewal
TXN-1572-10,USER-1572,2025-04,2025-10-28,599.0,Standard Renewal
TXN-1572-11,USER-1572,2025-04,2025-11-27,599.0,Standard Renewal
TXN-1573-11,USER-1573,2025-11,2025-11-27,599.0,Standard Renewal
TXN-1574-07,USER-1574,2025-07,2025-07-30,599.0,Standard Renewal
TXN-1574-08,USER-1574,2025-07,2025-08-29,599.0,Standard Renewal
TXN-1574-09,USER-1574,2025-07,2025-09-28,599.0,Standard Renewal
TXN-1575-05,USER-1575,2025-05,2025-05-31,419.3,Contraction
TXN-1575-06,USER-1575,2025-05,2025-06-30,599.0,Standard Renewal
TXN-1575-07,USER-1575,2025-05,2025-07-30,599.0,Standard Renewal
TXN-1575-08,USER-1575,2025-05,2025-08-29,599.0,Standard Renewal
TXN-1575-09,USER-1575,2025-05,2025-09-28,599.0,Standard Renewal
TXN-1575-10,USER-1575,2025-05,2025-10-28,599.0,Standard Renewal
TXN-1575-11,USER-1575,2025-05,2025-11-27,599.0,Standard Renewal
TXN-1576-09,USER-1576,2025-09,2025-09-28,999.0,Standard Renewal
TXN-1576-10,USER-1576,2025-09,2025-10-28,699.3,Contraction
TXN-1577-10,USER-1577,2025-10,2025-10-28,299.0,Standard Renewal
TXN-1577-11,USER-1577,2025-10,2025-11-27,299.0,Standard Renewal
TXN-1578-11,USER-1578,2025-11,2025-11-27,299.0,Standard Renewal
TXN-1579-11,USER-1579,2025-11,2025-11-27,599.0,Standard Renewal
TXN-1580-06,USER-1580,2025-06,2025-06-30,299.0,Standard Renewal
TXN-1580-07,USER-1580,2025-06,2025-07-30,209.3,Contraction
TXN-1580-08,USER-1580,2025-06,2025-08-29,299.0,Standard Renewal
TXN-1581-00,USER-1581,2025-01,2025-01-01,599.0,Standard Renewal
TXN-1581-01,USER-1581,2025-01,2025-01-31,599.0,Standard Renewal
TXN-1581-02,USER-1581,2025-01,2025-03-02,599.0,Standard Renewal
TXN-1581-03,USER-1581,2025-01,2025-04-01,419.3,Contraction
TXN-1581-04,USER-1581,2025-01,2025-05-01,778.7,Tier Upgrade
TXN-1582-02,USER-1582,2025-03,2025-03-02,299.0,Standard Renewal
TXN-1582-03,USER-1582,2025-03,2025-04-01,299.0,Standard Renewal
TXN-1583-02,USER-1583,2025-03,2025-03-02,299.0,Standard Renewal
TXN-1583-03,USER-1583,2025-03,2025-04-01,299.0,Standard Renewal
TXN-1583-04,USER-1583,2025-03,2025-05-01,299.0,Standard Renewal
TXN-1583-05,USER-1583,2025-03,2025-05-31,299.0,Standard Renewal
TXN-1583-06,USER-1583,2025-03,2025-06-30,299.0,Standard Renewal
TXN-1583-07,USER-1583,2025-03,2025-07-30,299.0,Standard Renewal
TXN-1584-01,USER-1584,2025-01,2025-01-31,299.0,Standard Renewal
TXN-1584-02,USER-1584,2025-01,2025-03-02,299.0,Standard Renewal
TXN-1584-03,USER-1584,2025-01,2025-04-01,299.0,Standard Renewal
TXN-1584-04,USER-1584,2025-01,2025-05-01,299.0,Standard Renewal
TXN-1584-05,USER-1584,2025-01,2025-05-31,299.0,Standard Renewal
TXN-1585-04,USER-1585,2025-05,2025-05-01,299.0,Standard Renewal
TXN-1585-05,USER-1585,2025-05,2025-05-31,299.0,Standard Renewal
TXN-1585-06,USER-1585,2025-05,2025-06-30,299.0,Standard Renewal
TXN-1585-07,USER-1585,2025-05,2025-07-30,299.0,Standard Renewal
TXN-1585-08,USER-1585,2025-05,2025-08-29,299.0,Standard Renewal
TXN-1585-09,USER-1585,2025-05,2025-09-28,299.0,Standard Renewal
TXN-1585-10,USER-1585,2025-05,2025-10-28,299.0,Standard Renewal
TXN-1586-04,USER-1586,2025-05,2025-05-01,999.0,Standard Renewal
TXN-1586-05,USER-1586,2025-05,2025-05-31,999.0,Standard Renewal
TXN-1586-06,USER-1586,2025-05,2025-06-30,999.0,Standard Renewal
TXN-1586-07,USER-1586,2025-05,2025-07-30,999.0,Standard Renewal
TXN-1586-08,USER-1586,2025-05,2025-08-29,999.0,Standard Renewal
TXN-1586-09,USER-1586,2025-05,2025-09-28,999.0,Standard Renewal
TXN-1586-10,USER-1586,2025-05,2025-10-28,999.0,Standard Renewal
TXN-1586-11,USER-1586,2025-05,2025-11-27,999.0,Standard Renewal
TXN-1587-00,USER-1587,2025-01,2025-01-01,999.0,Standard Renewal
TXN-1587-01,USER-1587,2025-01,2025-01-31,1298.7,Tier Upgrade
TXN-1587-02,USER-1587,2025-01,2025-03-02,999.0,Standard Renewal
TXN-1587-03,USER-1587,2025-01,2025-04-01,999.0,Standard Renewal
TXN-1587-04,USER-1587,2025-01,2025-05-01,1298.7,Tier Upgrade
TXN-1587-05,USER-1587,2025-01,2025-05-31,999.0,Standard Renewal
TXN-1588-09,USER-1588,2025-09,2025-09-28,299.0,Standard Renewal
TXN-1588-10,USER-1588,2025-09,2025-10-28,299.0,Standard Renewal
TXN-1588-11,USER-1588,2025-09,2025-11-27,299.0,Standard Renewal
TXN-1589-05,USER-1589,2025-05,2025-05-31,999.0,Standard Renewal
TXN-1589-06,USER-1589,2025-05,2025-06-30,999.0,Standard Renewal
TXN-1589-07,USER-1589,2025-05,2025-07-30,999.0,Standard Renewal
TXN-1589-08,USER-1589,2025-05,2025-08-29,999.0,Standard Renewal
TXN-1589-09,USER-1589,2025-05,2025-09-28,999.0,Standard Renewal
TXN-1589-10,USER-1589,2025-05,2025-10-28,999.0,Standard Renewal
TXN-1589-11,USER-1589,2025-05,2025-11-27,999.0,Standard Renewal
TXN-1590-02,USER-1590,2025-03,2025-03-02,299.0,Standard Renewal
TXN-1590-03,USER-1590,2025-03,2025-04-01,388.7,Tier Upgrade
TXN-1590-04,USER-1590,2025-03,2025-05-01,299.0,Standard Renewal
TXN-1590-05,USER-1590,2025-03,2025-05-31,299.0,Standard Renewal
TXN-1590-06,USER-1590,2025-03,2025-06-30,299.0,Standard Renewal
TXN-1590-07,USER-1590,2025-03,2025-07-30,299.0,Standard Renewal
TXN-1590-08,USER-1590,2025-03,2025-08-29,299.0,Standard Renewal
TXN-1591-02,USER-1591,2025-03,2025-03-02,299.0,Standard Renewal
TXN-1591-03,USER-1591,2025-03,2025-04-01,299.0,Standard Renewal
TXN-1591-04,USER-1591,2025-03,2025-05-01,299.0,Standard Renewal
TXN-1591-05,USER-1591,2025-03,2025-05-31,299.0,Standard Renewal
TXN-1591-06,USER-1591,2025-03,2025-06-30,299.0,Standard Renewal
TXN-1591-07,USER-1591,2025-03,2025-07-30,299.0,Standard Renewal
TXN-1591-08,USER-1591,2025-03,2025-08-29,388.7,Tier Upgrade
TXN-1591-09,USER-1591,2025-03,2025-09-28,299.0,Standard Renewal
TXN-1591-10,USER-1591,2025-03,2025-10-28,299.0,Standard Renewal
TXN-1591-11,USER-1591,2025-03,2025-11-27,299.0,Standard Renewal
TXN-1592-01,USER-1592,2025-01,2025-01-31,999.0,Standard Renewal
TXN-1592-02,USER-1592,2025-01,2025-03-02,999.0,Standard Renewal
TXN-1592-03,USER-1592,2025-01,2025-04-01,999.0,Standard Renewal
TXN-1592-04,USER-1592,2025-01,2025-05-01,999.0,Standard Renewal
TXN-1592-05,USER-1592,2025-01,2025-05-31,999.0,Standard Renewal
TXN-1592-06,USER-1592,2025-01,2025-06-30,999.0,Standard Renewal
TXN-1592-07,USER-1592,2025-01,2025-07-30,999.0,Standard Renewal
TXN-1592-08,USER-1592,2025-01,2025-08-29,999.0,Standard Renewal
TXN-1593-10,USER-1593,2025-10,2025-10-28,999.0,Standard Renewal
TXN-1593-11,USER-1593,2025-10,2025-11-27,999.0,Standard Renewal
TXN-1594-05,USER-1594,2025-05,2025-05-31,999.0,Standard Renewal
TXN-1594-06,USER-1594,2025-05,2025-06-30,999.0,Standard Renewal
TXN-1594-07,USER-1594,2025-05,2025-07-30,999.0,Standard Renewal
TXN-1594-08,USER-1594,2025-05,2025-08-29,999.0,Standard Renewal
TXN-1594-09,USER-1594,2025-05,2025-09-28,999.0,Standard Renewal
TXN-1594-10,USER-1594,2025-05,2025-10-28,999.0,Standard Renewal
TXN-1595-07,USER-1595,2025-07,2025-07-30,999.0,Standard Renewal
TXN-1595-08,USER-1595,2025-07,2025-08-29,999.0,Standard Renewal
TXN-1595-09,USER-1595,2025-07,2025-09-28,999.0,Standard Renewal
TXN-1595-10,USER-1595,2025-07,2025-10-28,699.3,Contraction
TXN-1596-00,USER-1596,2025-01,2025-01-01,299.0,Standard Renewal
TXN-1596-01,USER-1596,2025-01,2025-01-31,299.0,Standard Renewal
TXN-1596-02,USER-1596,2025-01,2025-03-02,299.0,Standard Renewal
TXN-1597-11,USER-1597,2025-11,2025-11-27,599.0,Standard Renewal
TXN-1598-10,USER-1598,2025-10,2025-10-28,388.7,Tier Upgrade
TXN-1598-11,USER-1598,2025-10,2025-11-27,299.0,Standard Renewal
TXN-1599-06,USER-1599,2025-06,2025-06-30,599.0,Standard Renewal
TXN-1599-07,USER-1599,2025-06,2025-07-30,599.0,Standard Renewal
TXN-1599-08,USER-1599,2025-06,2025-08-29,599.0,Standard Renewal
TXN-1599-09,USER-1599,2025-06,2025-09-28,599.0,Standard Renewal
TXN-1600-08,USER-1600,2025-08,2025-08-29,599.0,Standard Renewal
TXN-1600-09,USER-1600,2025-08,2025-09-28,599.0,Standard Renewal
TXN-1600-10,USER-1600,2025-08,2025-10-28,599.0,Standard Renewal
TXN-1600-11,USER-1600,2025-08,2025-11-27,599.0,Standard Renewal
TXN-1601-07,USER-1601,2025-07,2025-07-30,599.0,Standard Renewal
TXN-1601-08,USER-1601,2025-07,2025-08-29,599.0,Standard Renewal
TXN-1601-09,USER-1601,2025-07,2025-09-28,599.0,Standard Renewal
TXN-1601-10,USER-1601,2025-07,2025-10-28,599.0,Standard Renewal
TXN-1601-11,USER-1601,2025-07,2025-11-27,599.0,Standard Renewal
TXN-1602-10,USER-1602,2025-10,2025-10-28,299.0,Standard Renewal
TXN-1602-11,USER-1602,2025-10,2025-11-27,299.0,Standard Renewal
TXN-1603-02,USER-1603,2025-03,2025-03-02,999.0,Standard Renewal
TXN-1603-03,USER-1603,2025-03,2025-04-01,999.0,Standard Renewal
TXN-1603-04,USER-1603,2025-03,2025-05-01,999.0,Standard Renewal
TXN-1603-05,USER-1603,2025-03,2025-05-31,999.0,Standard Renewal
TXN-1603-06,USER-1603,2025-03,2025-06-30,999.0,Standard Renewal
TXN-1603-07,USER-1603,2025-03,2025-07-30,999.0,Standard Renewal
TXN-1603-08,USER-1603,2025-03,2025-08-29,999.0,Standard Renewal
TXN-1603-09,USER-1603,2025-03,2025-09-28,999.0,Standard Renewal
TXN-1603-10,USER-1603,2025-03,2025-10-28,999.0,Standard Renewal
TXN-1605-08,USER-1605,2025-08,2025-08-29,599.0,Standard Renewal
TXN-1605-09,USER-1605,2025-08,2025-09-28,599.0,Standard Renewal
TXN-1605-10,USER-1605,2025-08,2025-10-28,599.0,Standard Renewal
TXN-1605-11,USER-1605,2025-08,2025-11-27,599.0,Standard Renewal
TXN-1607-01,USER-1607,2025-01,2025-01-31,599.0,Standard Renewal
TXN-1607-02,USER-1607,2025-01,2025-03-02,599.0,Standard Renewal
TXN-1607-03,USER-1607,2025-01,2025-04-01,599.0,Standard Renewal
TXN-1607-04,USER-1607,2025-01,2025-05-01,599.0,Standard Renewal
TXN-1607-05,USER-1607,2025-01,2025-05-31,599.0,Standard Renewal
TXN-1607-06,USER-1607,2025-01,2025-06-30,599.0,Standard Renewal
TXN-1607-07,USER-1607,2025-01,2025-07-30,599.0,Standard Renewal
TXN-1607-08,USER-1607,2025-01,2025-08-29,419.3,Contraction
TXN-1607-09,USER-1607,2025-01,2025-09-28,599.0,Standard Renewal
TXN-1607-10,USER-1607,2025-01,2025-10-28,599.0,Standard Renewal
TXN-1607-11,USER-1607,2025-01,2025-11-27,599.0,Standard Renewal
TXN-1608-01,USER-1608,2025-01,2025-01-31,699.3,Contraction
TXN-1609-04,USER-1609,2025-05,2025-05-01,778.7,Tier Upgrade
TXN-1609-05,USER-1609,2025-05,2025-05-31,599.0,Standard Renewal
TXN-1610-03,USER-1610,2025-04,2025-04-01,699.3,Contraction
TXN-1610-04,USER-1610,2025-04,2025-05-01,999.0,Standard Renewal
TXN-1610-05,USER-1610,2025-04,2025-05-31,699.3,Contraction
TXN-1610-06,USER-1610,2025-04,2025-06-30,999.0,Standard Renewal
TXN-1610-07,USER-1610,2025-04,2025-07-30,999.0,Standard Renewal
TXN-1611-09,USER-1611,2025-09,2025-09-28,999.0,Standard Renewal
TXN-1611-10,USER-1611,2025-09,2025-10-28,1298.7,Tier Upgrade
TXN-1611-11,USER-1611,2025-09,2025-11-27,1298.7,Tier Upgrade
TXN-1612-06,USER-1612,2025-06,2025-06-30,599.0,Standard Renewal
TXN-1612-07,USER-1612,2025-06,2025-07-30,599.0,Standard Renewal
TXN-1612-08,USER-1612,2025-06,2025-08-29,599.0,Standard Renewal
TXN-1612-09,USER-1612,2025-06,2025-09-28,599.0,Standard Renewal
TXN-1612-10,USER-1612,2025-06,2025-10-28,599.0,Standard Renewal
TXN-1612-11,USER-1612,2025-06,2025-11-27,599.0,Standard Renewal
TXN-1613-08,USER-1613,2025-08,2025-08-29,999.0,Standard Renewal
TXN-1613-09,USER-1613,2025-08,2025-09-28,999.0,Standard Renewal
TXN-1613-10,USER-1613,2025-08,2025-10-28,999.0,Standard Renewal
TXN-1613-11,USER-1613,2025-08,2025-11-27,999.0,Standard Renewal
TXN-1614-00,USER-1614,2025-01,2025-01-01,299.0,Standard Renewal
TXN-1614-01,USER-1614,2025-01,2025-01-31,299.0,Standard Renewal
TXN-1614-02,USER-1614,2025-01,2025-03-02,299.0,Standard Renewal
TXN-1614-03,USER-1614,2025-01,2025-04-01,299.0,Standard Renewal
TXN-1614-04,USER-1614,2025-01,2025-05-01,299.0,Standard Renewal
TXN-1614-05,USER-1614,2025-01,2025-05-31,388.7,Tier Upgrade
TXN-1615-03,USER-1615,2025-04,2025-04-01,599.0,Standard Renewal
TXN-1615-04,USER-1615,2025-04,2025-05-01,599.0,Standard Renewal
TXN-1615-05,USER-1615,2025-04,2025-05-31,599.0,Standard Renewal
TXN-1616-04,USER-1616,2025-05,2025-05-01,599.0,Standard Renewal
TXN-1616-05,USER-1616,2025-05,2025-05-31,599.0,Standard Renewal
TXN-1616-06,USER-1616,2025-05,2025-06-30,599.0,Standard Renewal
TXN-1617-01,USER-1617,2025-01,2025-01-31,299.0,Standard Renewal
TXN-1617-02,USER-1617,2025-01,2025-03-02,299.0,Standard Renewal
TXN-1617-03,USER-1617,2025-01,2025-04-01,299.0,Standard Renewal
TXN-1617-04,USER-1617,2025-01,2025-05-01,299.0,Standard Renewal
TXN-1617-05,USER-1617,2025-01,2025-05-31,299.0,Standard Renewal
TXN-1618-09,USER-1618,2025-09,2025-09-28,299.0,Standard Renewal
TXN-1618-10,USER-1618,2025-09,2025-10-28,299.0,Standard Renewal
TXN-1618-11,USER-1618,2025-09,2025-11-27,299.0,Standard Renewal
TXN-1619-03,USER-1619,2025-04,2025-04-01,599.0,Standard Renewal
TXN-1619-04,USER-1619,2025-04,2025-05-01,599.0,Standard Renewal
TXN-1619-05,USER-1619,2025-04,2025-05-31,599.0,Standard Renewal
TXN-1619-06,USER-1619,2025-04,2025-06-30,599.0,Standard Renewal
TXN-1619-07,USER-1619,2025-04,2025-07-30,599.0,Standard Renewal
TXN-1619-08,USER-1619,2025-04,2025-08-29,599.0,Standard Renewal
TXN-1619-09,USER-1619,2025-04,2025-09-28,599.0,Standard Renewal
TXN-1619-10,USER-1619,2025-04,2025-10-28,599.0,Standard Renewal
TXN-1619-11,USER-1619,2025-04,2025-11-27,599.0,Standard Renewal
TXN-1620-00,USER-1620,2025-01,2025-01-01,299.0,Standard Renewal
TXN-1620-01,USER-1620,2025-01,2025-01-31,299.0,Standard Renewal
TXN-1620-02,USER-1620,2025-01,2025-03-02,299.0,Standard Renewal
TXN-1620-03,USER-1620,2025-01,2025-04-01,299.0,Standard Renewal
TXN-1620-04,USER-1620,2025-01,2025-05-01,299.0,Standard Renewal
TXN-1622-08,USER-1622,2025-08,2025-08-29,999.0,Standard Renewal
TXN-1622-09,USER-1622,2025-08,2025-09-28,1298.7,Tier Upgrade
TXN-1622-10,USER-1622,2025-08,2025-10-28,999.0,Standard Renewal
TXN-1622-11,USER-1622,2025-08,2025-11-27,999.0,Standard Renewal
TXN-1623-00,USER-1623,2025-01,2025-01-01,299.0,Standard Renewal
TXN-1623-01,USER-1623,2025-01,2025-01-31,299.0,Standard Renewal
TXN-1623-02,USER-1623,2025-01,2025-03-02,299.0,Standard Renewal
TXN-1623-03,USER-1623,2025-01,2025-04-01,388.7,Tier Upgrade
TXN-1623-04,USER-1623,2025-01,2025-05-01,209.3,Contraction
TXN-1623-05,USER-1623,2025-01,2025-05-31,299.0,Standard Renewal
TXN-1623-06,USER-1623,2025-01,2025-06-30,299.0,Standard Renewal
TXN-1623-07,USER-1623,2025-01,2025-07-30,299.0,Standard Renewal
TXN-1624-03,USER-1624,2025-04,2025-04-01,388.7,Tier Upgrade
TXN-1624-04,USER-1624,2025-04,2025-05-01,299.0,Standard Renewal
TXN-1624-05,USER-1624,2025-04,2025-05-31,388.7,Tier Upgrade
TXN-1624-06,USER-1624,2025-04,2025-06-30,388.7,Tier Upgrade
TXN-1624-07,USER-1624,2025-04,2025-07-30,299.0,Standard Renewal
TXN-1624-08,USER-1624,2025-04,2025-08-29,299.0,Standard Renewal
TXN-1624-09,USER-1624,2025-04,2025-09-28,299.0,Standard Renewal
TXN-1625-10,USER-1625,2025-10,2025-10-28,599.0,Standard Renewal
TXN-1625-11,USER-1625,2025-10,2025-11-27,599.0,Standard Renewal
TXN-1626-06,USER-1626,2025-06,2025-06-30,599.0,Standard Renewal
TXN-1626-07,USER-1626,2025-06,2025-07-30,599.0,Standard Renewal
TXN-1626-08,USER-1626,2025-06,2025-08-29,599.0,Standard Renewal
TXN-1627-10,USER-1627,2025-10,2025-10-28,299.0,Standard Renewal
TXN-1627-11,USER-1627,2025-10,2025-11-27,388.7,Tier Upgrade
TXN-1628-07,USER-1628,2025-07,2025-07-30,299.0,Standard Renewal
TXN-1628-08,USER-1628,2025-07,2025-08-29,299.0,Standard Renewal
TXN-1628-09,USER-1628,2025-07,2025-09-28,299.0,Standard Renewal
TXN-1628-10,USER-1628,2025-07,2025-10-28,299.0,Standard Renewal
TXN-1628-11,USER-1628,2025-07,2025-11-27,299.0,Standard Renewal
TXN-1629-00,USER-1629,2025-01,2025-01-01,599.0,Standard Renewal
TXN-1629-01,USER-1629,2025-01,2025-01-31,599.0,Standard Renewal
TXN-1629-02,USER-1629,2025-01,2025-03-02,599.0,Standard Renewal
TXN-1630-09,USER-1630,2025-09,2025-09-28,699.3,Contraction
TXN-1630-10,USER-1630,2025-09,2025-10-28,1298.7,Tier Upgrade
TXN-1630-11,USER-1630,2025-09,2025-11-27,999.0,Standard Renewal
TXN-1631-07,USER-1631,2025-07,2025-07-30,299.0,Standard Renewal
TXN-1631-08,USER-1631,2025-07,2025-08-29,299.0,Standard Renewal
TXN-1631-09,USER-1631,2025-07,2025-09-28,299.0,Standard Renewal
TXN-1631-10,USER-1631,2025-07,2025-10-28,299.0,Standard Renewal
TXN-1631-11,USER-1631,2025-07,2025-11-27,299.0,Standard Renewal
TXN-1632-08,USER-1632,2025-08,2025-08-29,999.0,Standard Renewal
TXN-1632-09,USER-1632,2025-08,2025-09-28,999.0,Standard Renewal
TXN-1632-10,USER-1632,2025-08,2025-10-28,999.0,Standard Renewal
TXN-1632-11,USER-1632,2025-08,2025-11-27,1298.7,Tier Upgrade
TXN-1633-03,USER-1633,2025-04,2025-04-01,599.0,Standard Renewal
TXN-1633-04,USER-1633,2025-04,2025-05-01,599.0,Standard Renewal
TXN-1633-05,USER-1633,2025-04,2025-05-31,599.0,Standard Renewal
TXN-1633-06,USER-1633,2025-04,2025-06-30,599.0,Standard Renewal
TXN-1634-03,USER-1634,2025-04,2025-04-01,388.7,Tier Upgrade
TXN-1634-04,USER-1634,2025-04,2025-05-01,299.0,Standard Renewal
TXN-1634-05,USER-1634,2025-04,2025-05-31,299.0,Standard Renewal
TXN-1634-06,USER-1634,2025-04,2025-06-30,299.0,Standard Renewal
TXN-1634-07,USER-1634,2025-04,2025-07-30,299.0,Standard Renewal
TXN-1634-08,USER-1634,2025-04,2025-08-29,299.0,Standard Renewal
TXN-1634-09,USER-1634,2025-04,2025-09-28,299.0,Standard Renewal
TXN-1634-10,USER-1634,2025-04,2025-10-28,299.0,Standard Renewal
TXN-1634-11,USER-1634,2025-04,2025-11-27,299.0,Standard Renewal
TXN-1635-09,USER-1635,2025-09,2025-09-28,299.0,Standard Renewal
TXN-1635-10,USER-1635,2025-09,2025-10-28,299.0,Standard Renewal
TXN-1635-11,USER-1635,2025-09,2025-11-27,299.0,Standard Renewal
TXN-1636-07,USER-1636,2025-07,2025-07-30,599.0,Standard Renewal
TXN-1636-08,USER-1636,2025-07,2025-08-29,599.0,Standard Renewal
TXN-1636-09,USER-1636,2025-07,2025-09-28,599.0,Standard Renewal
TXN-1636-10,USER-1636,2025-07,2025-10-28,599.0,Standard Renewal
TXN-1637-11,USER-1637,2025-11,2025-11-27,299.0,Standard Renewal
TXN-1638-05,USER-1638,2025-05,2025-05-31,999.0,Standard Renewal
TXN-1638-06,USER-1638,2025-05,2025-06-30,999.0,Standard Renewal
TXN-1638-07,USER-1638,2025-05,2025-07-30,999.0,Standard Renewal
TXN-1638-08,USER-1638,2025-05,2025-08-29,1298.7,Tier Upgrade
TXN-1638-09,USER-1638,2025-05,2025-09-28,999.0,Standard Renewal
TXN-1638-10,USER-1638,2025-05,2025-10-28,999.0,Standard Renewal
TXN-1638-11,USER-1638,2025-05,2025-11-27,999.0,Standard Renewal
TXN-1639-04,USER-1639,2025-05,2025-05-01,599.0,Standard Renewal
TXN-1639-05,USER-1639,2025-05,2025-05-31,599.0,Standard Renewal
TXN-1639-06,USER-1639,2025-05,2025-06-30,599.0,Standard Renewal
TXN-1639-07,USER-1639,2025-05,2025-07-30,599.0,Standard Renewal
TXN-1639-08,USER-1639,2025-05,2025-08-29,599.0,Standard Renewal
TXN-1639-09,USER-1639,2025-05,2025-09-28,599.0,Standard Renewal
TXN-1639-10,USER-1639,2025-05,2025-10-28,599.0,Standard Renewal
TXN-1640-04,USER-1640,2025-05,2025-05-01,599.0,Standard Renewal
TXN-1640-05,USER-1640,2025-05,2025-05-31,599.0,Standard Renewal
TXN-1640-06,USER-1640,2025-05,2025-06-30,599.0,Standard Renewal
TXN-1640-07,USER-1640,2025-05,2025-07-30,599.0,Standard Renewal
TXN-1640-08,USER-1640,2025-05,2025-08-29,599.0,Standard Renewal
TXN-1640-09,USER-1640,2025-05,2025-09-28,599.0,Standard Renewal
TXN-1640-10,USER-1640,2025-05,2025-10-28,599.0,Standard Renewal
TXN-1640-11,USER-1640,2025-05,2025-11-27,599.0,Standard Renewal
TXN-1641-04,USER-1641,2025-05,2025-05-01,599.0,Standard Renewal
TXN-1641-05,USER-1641,2025-05,2025-05-31,778.7,Tier Upgrade
TXN-1641-06,USER-1641,2025-05,2025-06-30,599.0,Standard Renewal
TXN-1641-07,USER-1641,2025-05,2025-07-30,599.0,Standard Renewal
TXN-1641-08,USER-1641,2025-05,2025-08-29,599.0,Standard Renewal
TXN-1641-09,USER-1641,2025-05,2025-09-28,599.0,Standard Renewal
TXN-1641-10,USER-1641,2025-05,2025-10-28,599.0,Standard Renewal
TXN-1641-11,USER-1641,2025-05,2025-11-27,599.0,Standard Renewal
TXN-1642-05,USER-1642,2025-05,2025-05-31,699.3,Contraction
TXN-1642-06,USER-1642,2025-05,2025-06-30,999.0,Standard Renewal
TXN-1642-07,USER-1642,2025-05,2025-07-30,999.0,Standard Renewal
TXN-1642-08,USER-1642,2025-05,2025-08-29,699.3,Contraction
TXN-1642-09,USER-1642,2025-05,2025-09-28,999.0,Standard Renewal
TXN-1642-10,USER-1642,2025-05,2025-10-28,999.0,Standard Renewal
TXN-1642-11,USER-1642,2025-05,2025-11-27,999.0,Standard Renewal
TXN-1643-00,USER-1643,2025-01,2025-01-01,599.0,Standard Renewal
TXN-1643-01,USER-1643,2025-01,2025-01-31,599.0,Standard Renewal
TXN-1643-02,USER-1643,2025-01,2025-03-02,599.0,Standard Renewal
TXN-1643-03,USER-1643,2025-01,2025-04-01,599.0,Standard Renewal
TXN-1644-06,USER-1644,2025-06,2025-06-30,299.0,Standard Renewal
TXN-1644-07,USER-1644,2025-06,2025-07-30,299.0,Standard Renewal
TXN-1644-08,USER-1644,2025-06,2025-08-29,299.0,Standard Renewal
TXN-1644-09,USER-1644,2025-06,2025-09-28,388.7,Tier Upgrade
TXN-1644-10,USER-1644,2025-06,2025-10-28,299.0,Standard Renewal
TXN-1644-11,USER-1644,2025-06,2025-11-27,388.7,Tier Upgrade
TXN-1645-03,USER-1645,2025-04,2025-04-01,299.0,Standard Renewal
TXN-1645-04,USER-1645,2025-04,2025-05-01,299.0,Standard Renewal
TXN-1645-05,USER-1645,2025-04,2025-05-31,299.0,Standard Renewal
TXN-1645-06,USER-1645,2025-04,2025-06-30,299.0,Standard Renewal
TXN-1645-07,USER-1645,2025-04,2025-07-30,299.0,Standard Renewal
TXN-1645-08,USER-1645,2025-04,2025-08-29,388.7,Tier Upgrade
TXN-1645-09,USER-1645,2025-04,2025-09-28,299.0,Standard Renewal
TXN-1645-10,USER-1645,2025-04,2025-10-28,299.0,Standard Renewal
TXN-1645-11,USER-1645,2025-04,2025-11-27,299.0,Standard Renewal
TXN-1646-04,USER-1646,2025-05,2025-05-01,999.0,Standard Renewal
TXN-1646-05,USER-1646,2025-05,2025-05-31,699.3,Contraction
TXN-1646-06,USER-1646,2025-05,2025-06-30,999.0,Standard Renewal
TXN-1646-07,USER-1646,2025-05,2025-07-30,999.0,Standard Renewal
TXN-1646-08,USER-1646,2025-05,2025-08-29,999.0,Standard Renewal
TXN-1646-09,USER-1646,2025-05,2025-09-28,999.0,Standard Renewal
TXN-1646-10,USER-1646,2025-05,2025-10-28,999.0,Standard Renewal
TXN-1647-03,USER-1647,2025-04,2025-04-01,599.0,Standard Renewal
TXN-1647-04,USER-1647,2025-04,2025-05-01,599.0,Standard Renewal
TXN-1647-05,USER-1647,2025-04,2025-05-31,599.0,Standard Renewal
TXN-1647-06,USER-1647,2025-04,2025-06-30,599.0,Standard Renewal
TXN-1647-07,USER-1647,2025-04,2025-07-30,599.0,Standard Renewal
TXN-1647-08,USER-1647,2025-04,2025-08-29,419.3,Contraction
TXN-1647-09,USER-1647,2025-04,2025-09-28,599.0,Standard Renewal
TXN-1647-10,USER-1647,2025-04,2025-10-28,599.0,Standard Renewal
TXN-1647-11,USER-1647,2025-04,2025-11-27,599.0,Standard Renewal
TXN-1648-08,USER-1648,2025-08,2025-08-29,778.7,Tier Upgrade
TXN-1648-09,USER-1648,2025-08,2025-09-28,599.0,Standard Renewal
TXN-1648-10,USER-1648,2025-08,2025-10-28,599.0,Standard Renewal
TXN-1648-11,USER-1648,2025-08,2025-11-27,778.7,Tier Upgrade
TXN-1649-10,USER-1649,2025-10,2025-10-28,999.0,Standard Renewal
TXN-1650-08,USER-1650,2025-08,2025-08-29,999.0,Standard Renewal
TXN-1650-09,USER-1650,2025-08,2025-09-28,999.0,Standard Renewal
TXN-1651-05,USER-1651,2025-05,2025-05-31,299.0,Standard Renewal
TXN-1651-06,USER-1651,2025-05,2025-06-30,388.7,Tier Upgrade
TXN-1651-07,USER-1651,2025-05,2025-07-30,209.3,Contraction
TXN-1651-08,USER-1651,2025-05,2025-08-29,299.0,Standard Renewal
TXN-1651-09,USER-1651,2025-05,2025-09-28,299.0,Standard Renewal
TXN-1651-10,USER-1651,2025-05,2025-10-28,299.0,Standard Renewal
TXN-1651-11,USER-1651,2025-05,2025-11-27,299.0,Standard Renewal
TXN-1652-05,USER-1652,2025-05,2025-05-31,299.0,Standard Renewal
TXN-1652-06,USER-1652,2025-05,2025-06-30,299.0,Standard Renewal
TXN-1652-07,USER-1652,2025-05,2025-07-30,299.0,Standard Renewal
TXN-1652-08,USER-1652,2025-05,2025-08-29,299.0,Standard Renewal
TXN-1652-09,USER-1652,2025-05,2025-09-28,299.0,Standard Renewal
TXN-1652-10,USER-1652,2025-05,2025-10-28,299.0,Standard Renewal
TXN-1652-11,USER-1652,2025-05,2025-11-27,299.0,Standard Renewal
TXN-1653-08,USER-1653,2025-08,2025-08-29,599.0,Standard Renewal
TXN-1653-09,USER-1653,2025-08,2025-09-28,599.0,Standard Renewal
TXN-1653-10,USER-1653,2025-08,2025-10-28,599.0,Standard Renewal
TXN-1653-11,USER-1653,2025-08,2025-11-27,778.7,Tier Upgrade
TXN-1654-02,USER-1654,2025-03,2025-03-02,999.0,Standard Renewal
TXN-1654-03,USER-1654,2025-03,2025-04-01,999.0,Standard Renewal
TXN-1654-04,USER-1654,2025-03,2025-05-01,999.0,Standard Renewal
TXN-1654-05,USER-1654,2025-03,2025-05-31,999.0,Standard Renewal
TXN-1654-06,USER-1654,2025-03,2025-06-30,999.0,Standard Renewal
TXN-1655-00,USER-1655,2025-01,2025-01-01,209.3,Contraction
TXN-1655-01,USER-1655,2025-01,2025-01-31,299.0,Standard Renewal
TXN-1655-02,USER-1655,2025-01,2025-03-02,299.0,Standard Renewal
TXN-1655-03,USER-1655,2025-01,2025-04-01,299.0,Standard Renewal
TXN-1655-04,USER-1655,2025-01,2025-05-01,299.0,Standard Renewal
TXN-1655-05,USER-1655,2025-01,2025-05-31,299.0,Standard Renewal
TXN-1655-06,USER-1655,2025-01,2025-06-30,299.0,Standard Renewal
TXN-1655-07,USER-1655,2025-01,2025-07-30,299.0,Standard Renewal
TXN-1656-04,USER-1656,2025-05,2025-05-01,599.0,Standard Renewal
TXN-1656-05,USER-1656,2025-05,2025-05-31,599.0,Standard Renewal
TXN-1656-06,USER-1656,2025-05,2025-06-30,778.7,Tier Upgrade
TXN-1656-07,USER-1656,2025-05,2025-07-30,778.7,Tier Upgrade
TXN-1656-08,USER-1656,2025-05,2025-08-29,599.0,Standard Renewal
TXN-1656-09,USER-1656,2025-05,2025-09-28,778.7,Tier Upgrade
TXN-1657-03,USER-1657,2025-04,2025-04-01,999.0,Standard Renewal
TXN-1657-04,USER-1657,2025-04,2025-05-01,999.0,Standard Renewal
TXN-1657-05,USER-1657,2025-04,2025-05-31,999.0,Standard Renewal
TXN-1657-06,USER-1657,2025-04,2025-06-30,999.0,Standard Renewal
TXN-1657-07,USER-1657,2025-04,2025-07-30,999.0,Standard Renewal
TXN-1657-08,USER-1657,2025-04,2025-08-29,999.0,Standard Renewal
TXN-1657-09,USER-1657,2025-04,2025-09-28,999.0,Standard Renewal
TXN-1657-10,USER-1657,2025-04,2025-10-28,999.0,Standard Renewal
TXN-1657-11,USER-1657,2025-04,2025-11-27,999.0,Standard Renewal
TXN-1658-10,USER-1658,2025-10,2025-10-28,699.3,Contraction
TXN-1658-11,USER-1658,2025-10,2025-11-27,999.0,Standard Renewal
TXN-1660-06,USER-1660,2025-06,2025-06-30,778.7,Tier Upgrade
TXN-1660-07,USER-1660,2025-06,2025-07-30,778.7,Tier Upgrade
TXN-1660-08,USER-1660,2025-06,2025-08-29,778.7,Tier Upgrade
TXN-1660-09,USER-1660,2025-06,2025-09-28,778.7,Tier Upgrade
TXN-1661-05,USER-1661,2025-05,2025-05-31,299.0,Standard Renewal
TXN-1661-06,USER-1661,2025-05,2025-06-30,299.0,Standard Renewal
TXN-1661-07,USER-1661,2025-05,2025-07-30,299.0,Standard Renewal
TXN-1661-08,USER-1661,2025-05,2025-08-29,299.0,Standard Renewal
TXN-1661-09,USER-1661,2025-05,2025-09-28,299.0,Standard Renewal
TXN-1661-10,USER-1661,2025-05,2025-10-28,299.0,Standard Renewal
TXN-1661-11,USER-1661,2025-05,2025-11-27,299.0,Standard Renewal
TXN-1662-07,USER-1662,2025-07,2025-07-30,388.7,Tier Upgrade
TXN-1662-08,USER-1662,2025-07,2025-08-29,299.0,Standard Renewal
TXN-1662-09,USER-1662,2025-07,2025-09-28,209.3,Contraction
TXN-1662-10,USER-1662,2025-07,2025-10-28,299.0,Standard Renewal
TXN-1662-11,USER-1662,2025-07,2025-11-27,299.0,Standard Renewal
TXN-1663-11,USER-1663,2025-11,2025-11-27,599.0,Standard Renewal
TXN-1665-07,USER-1665,2025-07,2025-07-30,299.0,Standard Renewal
TXN-1665-08,USER-1665,2025-07,2025-08-29,299.0,Standard Renewal
TXN-1665-09,USER-1665,2025-07,2025-09-28,299.0,Standard Renewal
TXN-1665-10,USER-1665,2025-07,2025-10-28,299.0,Standard Renewal
TXN-1665-11,USER-1665,2025-07,2025-11-27,299.0,Standard Renewal
TXN-1666-04,USER-1666,2025-05,2025-05-01,599.0,Standard Renewal
TXN-1666-05,USER-1666,2025-05,2025-05-31,599.0,Standard Renewal
TXN-1666-06,USER-1666,2025-05,2025-06-30,599.0,Standard Renewal
TXN-1666-07,USER-1666,2025-05,2025-07-30,599.0,Standard Renewal
TXN-1666-08,USER-1666,2025-05,2025-08-29,599.0,Standard Renewal
TXN-1666-09,USER-1666,2025-05,2025-09-28,599.0,Standard Renewal
TXN-1666-10,USER-1666,2025-05,2025-10-28,599.0,Standard Renewal
TXN-1666-11,USER-1666,2025-05,2025-11-27,599.0,Standard Renewal
TXN-1667-00,USER-1667,2025-01,2025-01-01,419.3,Contraction
TXN-1667-01,USER-1667,2025-01,2025-01-31,599.0,Standard Renewal
TXN-1667-02,USER-1667,2025-01,2025-03-02,599.0,Standard Renewal
TXN-1668-07,USER-1668,2025-07,2025-07-30,299.0,Standard Renewal
TXN-1668-08,USER-1668,2025-07,2025-08-29,299.0,Standard Renewal
TXN-1668-09,USER-1668,2025-07,2025-09-28,299.0,Standard Renewal
TXN-1669-08,USER-1669,2025-08,2025-08-29,999.0,Standard Renewal
TXN-1669-09,USER-1669,2025-08,2025-09-28,999.0,Standard Renewal
TXN-1669-10,USER-1669,2025-08,2025-10-28,1298.7,Tier Upgrade
TXN-1669-11,USER-1669,2025-08,2025-11-27,999.0,Standard Renewal
TXN-1670-01,USER-1670,2025-01,2025-01-31,299.0,Standard Renewal
TXN-1670-02,USER-1670,2025-01,2025-03-02,388.7,Tier Upgrade
TXN-1670-03,USER-1670,2025-01,2025-04-01,299.0,Standard Renewal
TXN-1670-04,USER-1670,2025-01,2025-05-01,299.0,Standard Renewal
TXN-1671-03,USER-1671,2025-04,2025-04-01,599.0,Standard Renewal
TXN-1671-04,USER-1671,2025-04,2025-05-01,599.0,Standard Renewal
TXN-1671-05,USER-1671,2025-04,2025-05-31,599.0,Standard Renewal
TXN-1671-06,USER-1671,2025-04,2025-06-30,599.0,Standard Renewal
TXN-1672-01,USER-1672,2025-01,2025-01-31,999.0,Standard Renewal
TXN-1673-03,USER-1673,2025-04,2025-04-01,299.0,Standard Renewal
TXN-1673-04,USER-1673,2025-04,2025-05-01,299.0,Standard Renewal
TXN-1673-05,USER-1673,2025-04,2025-05-31,299.0,Standard Renewal
TXN-1673-06,USER-1673,2025-04,2025-06-30,299.0,Standard Renewal
TXN-1673-07,USER-1673,2025-04,2025-07-30,299.0,Standard Renewal
TXN-1673-08,USER-1673,2025-04,2025-08-29,209.3,Contraction
TXN-1673-09,USER-1673,2025-04,2025-09-28,299.0,Standard Renewal
TXN-1673-10,USER-1673,2025-04,2025-10-28,299.0,Standard Renewal
TXN-1673-11,USER-1673,2025-04,2025-11-27,299.0,Standard Renewal
TXN-1675-08,USER-1675,2025-08,2025-08-29,699.3,Contraction
TXN-1675-09,USER-1675,2025-08,2025-09-28,999.0,Standard Renewal
TXN-1675-10,USER-1675,2025-08,2025-10-28,999.0,Standard Renewal
TXN-1675-11,USER-1675,2025-08,2025-11-27,999.0,Standard Renewal
TXN-1676-07,USER-1676,2025-07,2025-07-30,999.0,Standard Renewal
TXN-1676-08,USER-1676,2025-07,2025-08-29,999.0,Standard Renewal
TXN-1676-09,USER-1676,2025-07,2025-09-28,999.0,Standard Renewal
TXN-1676-10,USER-1676,2025-07,2025-10-28,999.0,Standard Renewal
TXN-1676-11,USER-1676,2025-07,2025-11-27,999.0,Standard Renewal
TXN-1677-11,USER-1677,2025-11,2025-11-27,999.0,Standard Renewal
TXN-1678-03,USER-1678,2025-04,2025-04-01,999.0,Standard Renewal
TXN-1678-04,USER-1678,2025-04,2025-05-01,999.0,Standard Renewal
TXN-1678-05,USER-1678,2025-04,2025-05-31,999.0,Standard Renewal
TXN-1678-06,USER-1678,2025-04,2025-06-30,999.0,Standard Renewal
TXN-1678-07,USER-1678,2025-04,2025-07-30,999.0,Standard Renewal
TXN-1678-08,USER-1678,2025-04,2025-08-29,999.0,Standard Renewal
TXN-1679-00,USER-1679,2025-01,2025-01-01,299.0,Standard Renewal
TXN-1679-01,USER-1679,2025-01,2025-01-31,299.0,Standard Renewal
TXN-1679-02,USER-1679,2025-01,2025-03-02,299.0,Standard Renewal
TXN-1679-03,USER-1679,2025-01,2025-04-01,299.0,Standard Renewal
TXN-1679-04,USER-1679,2025-01,2025-05-01,299.0,Standard Renewal
TXN-1679-05,USER-1679,2025-01,2025-05-31,299.0,Standard Renewal
TXN-1679-06,USER-1679,2025-01,2025-06-30,299.0,Standard Renewal
TXN-1679-07,USER-1679,2025-01,2025-07-30,299.0,Standard Renewal
TXN-1679-08,USER-1679,2025-01,2025-08-29,299.0,Standard Renewal
TXN-1679-09,USER-1679,2025-01,2025-09-28,299.0,Standard Renewal
TXN-1679-10,USER-1679,2025-01,2025-10-28,299.0,Standard Renewal
TXN-1679-11,USER-1679,2025-01,2025-11-27,299.0,Standard Renewal
TXN-1680-06,USER-1680,2025-06,2025-06-30,599.0,Standard Renewal
TXN-1680-07,USER-1680,2025-06,2025-07-30,778.7,Tier Upgrade
TXN-1680-08,USER-1680,2025-06,2025-08-29,599.0,Standard Renewal
TXN-1680-09,USER-1680,2025-06,2025-09-28,599.0,Standard Renewal
TXN-1680-10,USER-1680,2025-06,2025-10-28,599.0,Standard Renewal
TXN-1680-11,USER-1680,2025-06,2025-11-27,599.0,Standard Renewal
TXN-1681-05,USER-1681,2025-05,2025-05-31,1298.7,Tier Upgrade
TXN-1681-06,USER-1681,2025-05,2025-06-30,999.0,Standard Renewal
TXN-1681-07,USER-1681,2025-05,2025-07-30,999.0,Standard Renewal
TXN-1681-08,USER-1681,2025-05,2025-08-29,999.0,Standard Renewal
TXN-1682-06,USER-1682,2025-06,2025-06-30,388.7,Tier Upgrade
TXN-1682-07,USER-1682,2025-06,2025-07-30,299.0,Standard Renewal
TXN-1682-08,USER-1682,2025-06,2025-08-29,209.3,Contraction
TXN-1683-06,USER-1683,2025-06,2025-06-30,209.3,Contraction
TXN-1683-07,USER-1683,2025-06,2025-07-30,299.0,Standard Renewal
TXN-1683-08,USER-1683,2025-06,2025-08-29,299.0,Standard Renewal
TXN-1683-09,USER-1683,2025-06,2025-09-28,299.0,Standard Renewal
TXN-1683-10,USER-1683,2025-06,2025-10-28,299.0,Standard Renewal
TXN-1683-11,USER-1683,2025-06,2025-11-27,299.0,Standard Renewal
TXN-1684-07,USER-1684,2025-07,2025-07-30,299.0,Standard Renewal
TXN-1684-08,USER-1684,2025-07,2025-08-29,299.0,Standard Renewal
TXN-1684-09,USER-1684,2025-07,2025-09-28,299.0,Standard Renewal
TXN-1684-10,USER-1684,2025-07,2025-10-28,299.0,Standard Renewal
TXN-1684-11,USER-1684,2025-07,2025-11-27,299.0,Standard Renewal
TXN-1685-01,USER-1685,2025-01,2025-01-31,599.0,Standard Renewal
TXN-1685-02,USER-1685,2025-01,2025-03-02,599.0,Standard Renewal
TXN-1685-03,USER-1685,2025-01,2025-04-01,599.0,Standard Renewal
TXN-1685-04,USER-1685,2025-01,2025-05-01,599.0,Standard Renewal
TXN-1685-05,USER-1685,2025-01,2025-05-31,599.0,Standard Renewal
TXN-1685-06,USER-1685,2025-01,2025-06-30,599.0,Standard Renewal
TXN-1685-07,USER-1685,2025-01,2025-07-30,599.0,Standard Renewal
TXN-1685-08,USER-1685,2025-01,2025-08-29,599.0,Standard Renewal
TXN-1685-09,USER-1685,2025-01,2025-09-28,599.0,Standard Renewal
TXN-1685-10,USER-1685,2025-01,2025-10-28,599.0,Standard Renewal
TXN-1685-11,USER-1685,2025-01,2025-11-27,599.0,Standard Renewal
TXN-1687-07,USER-1687,2025-07,2025-07-30,999.0,Standard Renewal
TXN-1687-08,USER-1687,2025-07,2025-08-29,999.0,Standard Renewal
TXN-1687-09,USER-1687,2025-07,2025-09-28,999.0,Standard Renewal
TXN-1687-10,USER-1687,2025-07,2025-10-28,999.0,Standard Renewal
TXN-1687-11,USER-1687,2025-07,2025-11-27,1298.7,Tier Upgrade
TXN-1688-00,USER-1688,2025-01,2025-01-01,299.0,Standard Renewal
TXN-1688-01,USER-1688,2025-01,2025-01-31,299.0,Standard Renewal
TXN-1688-02,USER-1688,2025-01,2025-03-02,209.3,Contraction
TXN-1688-03,USER-1688,2025-01,2025-04-01,299.0,Standard Renewal
TXN-1688-04,USER-1688,2025-01,2025-05-01,299.0,Standard Renewal
TXN-1688-05,USER-1688,2025-01,2025-05-31,299.0,Standard Renewal
TXN-1688-06,USER-1688,2025-01,2025-06-30,299.0,Standard Renewal
TXN-1688-07,USER-1688,2025-01,2025-07-30,299.0,Standard Renewal
TXN-1688-08,USER-1688,2025-01,2025-08-29,299.0,Standard Renewal
TXN-1688-09,USER-1688,2025-01,2025-09-28,299.0,Standard Renewal
TXN-1688-10,USER-1688,2025-01,2025-10-28,299.0,Standard Renewal
TXN-1688-11,USER-1688,2025-01,2025-11-27,209.3,Contraction
TXN-1689-10,USER-1689,2025-10,2025-10-28,999.0,Standard Renewal
TXN-1689-11,USER-1689,2025-10,2025-11-27,999.0,Standard Renewal
TXN-1690-09,USER-1690,2025-09,2025-09-28,599.0,Standard Renewal
TXN-1690-10,USER-1690,2025-09,2025-10-28,599.0,Standard Renewal
TXN-1690-11,USER-1690,2025-09,2025-11-27,599.0,Standard Renewal
TXN-1691-06,USER-1691,2025-06,2025-06-30,999.0,Standard Renewal
TXN-1691-07,USER-1691,2025-06,2025-07-30,999.0,Standard Renewal
TXN-1691-08,USER-1691,2025-06,2025-08-29,999.0,Standard Renewal
TXN-1692-03,USER-1692,2025-04,2025-04-01,599.0,Standard Renewal
TXN-1692-04,USER-1692,2025-04,2025-05-01,599.0,Standard Renewal
TXN-1692-05,USER-1692,2025-04,2025-05-31,599.0,Standard Renewal
TXN-1692-06,USER-1692,2025-04,2025-06-30,599.0,Standard Renewal
TXN-1692-07,USER-1692,2025-04,2025-07-30,599.0,Standard Renewal
TXN-1692-08,USER-1692,2025-04,2025-08-29,599.0,Standard Renewal
TXN-1693-03,USER-1693,2025-04,2025-04-01,999.0,Standard Renewal
TXN-1693-04,USER-1693,2025-04,2025-05-01,999.0,Standard Renewal
TXN-1693-05,USER-1693,2025-04,2025-05-31,999.0,Standard Renewal
TXN-1694-05,USER-1694,2025-05,2025-05-31,999.0,Standard Renewal
TXN-1694-06,USER-1694,2025-05,2025-06-30,999.0,Standard Renewal
TXN-1694-07,USER-1694,2025-05,2025-07-30,999.0,Standard Renewal
TXN-1694-08,USER-1694,2025-05,2025-08-29,699.3,Contraction
TXN-1694-09,USER-1694,2025-05,2025-09-28,999.0,Standard Renewal
TXN-1694-10,USER-1694,2025-05,2025-10-28,999.0,Standard Renewal
TXN-1695-01,USER-1695,2025-01,2025-01-31,299.0,Standard Renewal
TXN-1695-02,USER-1695,2025-01,2025-03-02,299.0,Standard Renewal
TXN-1695-03,USER-1695,2025-01,2025-04-01,299.0,Standard Renewal
TXN-1695-04,USER-1695,2025-01,2025-05-01,299.0,Standard Renewal
TXN-1695-05,USER-1695,2025-01,2025-05-31,299.0,Standard Renewal
TXN-1695-06,USER-1695,2025-01,2025-06-30,209.3,Contraction
TXN-1695-07,USER-1695,2025-01,2025-07-30,299.0,Standard Renewal
TXN-1696-10,USER-1696,2025-10,2025-10-28,999.0,Standard Renewal
TXN-1696-11,USER-1696,2025-10,2025-11-27,999.0,Standard Renewal
TXN-1697-07,USER-1697,2025-07,2025-07-30,999.0,Standard Renewal
TXN-1697-08,USER-1697,2025-07,2025-08-29,999.0,Standard Renewal
TXN-1697-09,USER-1697,2025-07,2025-09-28,999.0,Standard Renewal
TXN-1697-10,USER-1697,2025-07,2025-10-28,999.0,Standard Renewal
TXN-1697-11,USER-1697,2025-07,2025-11-27,999.0,Standard Renewal
TXN-1698-06,USER-1698,2025-06,2025-06-30,999.0,Standard Renewal
TXN-1698-07,USER-1698,2025-06,2025-07-30,999.0,Standard Renewal
TXN-1698-08,USER-1698,2025-06,2025-08-29,999.0,Standard Renewal
TXN-1698-09,USER-1698,2025-06,2025-09-28,999.0,Standard Renewal
TXN-1698-10,USER-1698,2025-06,2025-10-28,999.0,Standard Renewal
TXN-1699-08,USER-1699,2025-08,2025-08-29,999.0,Standard Renewal
TXN-1699-09,USER-1699,2025-08,2025-09-28,999.0,Standard Renewal
TXN-1699-10,USER-1699,2025-08,2025-10-28,999.0,Standard Renewal
TXN-1699-11,USER-1699,2025-08,2025-11-27,999.0,Standard Renewal
TXN-1700-09,USER-1700,2025-09,2025-09-28,999.0,Standard Renewal
TXN-1700-10,USER-1700,2025-09,2025-10-28,999.0,Standard Renewal
TXN-1700-11,USER-1700,2025-09,2025-11-27,999.0,Standard Renewal
TXN-1702-00,USER-1702,2025-01,2025-01-01,599.0,Standard Renewal
TXN-1702-01,USER-1702,2025-01,2025-01-31,778.7,Tier Upgrade
TXN-1702-02,USER-1702,2025-01,2025-03-02,599.0,Standard Renewal
TXN-1702-03,USER-1702,2025-01,2025-04-01,778.7,Tier Upgrade
TXN-1702-04,USER-1702,2025-01,2025-05-01,599.0,Standard Renewal
TXN-1702-05,USER-1702,2025-01,2025-05-31,599.0,Standard Renewal
TXN-1702-06,USER-1702,2025-01,2025-06-30,599.0,Standard Renewal
TXN-1702-07,USER-1702,2025-01,2025-07-30,599.0,Standard Renewal
TXN-1702-08,USER-1702,2025-01,2025-08-29,599.0,Standard Renewal
TXN-1702-09,USER-1702,2025-01,2025-09-28,599.0,Standard Renewal
TXN-1702-10,USER-1702,2025-01,2025-10-28,599.0,Standard Renewal
TXN-1702-11,USER-1702,2025-01,2025-11-27,778.7,Tier Upgrade
TXN-1703-05,USER-1703,2025-05,2025-05-31,999.0,Standard Renewal
TXN-1703-06,USER-1703,2025-05,2025-06-30,999.0,Standard Renewal
TXN-1703-07,USER-1703,2025-05,2025-07-30,999.0,Standard Renewal
TXN-1703-08,USER-1703,2025-05,2025-08-29,999.0,Standard Renewal
TXN-1703-09,USER-1703,2025-05,2025-09-28,999.0,Standard Renewal
TXN-1703-10,USER-1703,2025-05,2025-10-28,999.0,Standard Renewal
TXN-1704-05,USER-1704,2025-05,2025-05-31,999.0,Standard Renewal
TXN-1704-06,USER-1704,2025-05,2025-06-30,999.0,Standard Renewal
TXN-1704-07,USER-1704,2025-05,2025-07-30,1298.7,Tier Upgrade
TXN-1705-03,USER-1705,2025-04,2025-04-01,299.0,Standard Renewal
TXN-1705-04,USER-1705,2025-04,2025-05-01,299.0,Standard Renewal
TXN-1705-05,USER-1705,2025-04,2025-05-31,299.0,Standard Renewal
TXN-1705-06,USER-1705,2025-04,2025-06-30,299.0,Standard Renewal
TXN-1706-02,USER-1706,2025-03,2025-03-02,999.0,Standard Renewal
TXN-1706-03,USER-1706,2025-03,2025-04-01,999.0,Standard Renewal
TXN-1706-04,USER-1706,2025-03,2025-05-01,999.0,Standard Renewal
TXN-1706-05,USER-1706,2025-03,2025-05-31,999.0,Standard Renewal
TXN-1706-06,USER-1706,2025-03,2025-06-30,999.0,Standard Renewal
TXN-1707-00,USER-1707,2025-01,2025-01-01,299.0,Standard Renewal
TXN-1708-02,USER-1708,2025-03,2025-03-02,999.0,Standard Renewal
TXN-1708-03,USER-1708,2025-03,2025-04-01,999.0,Standard Renewal
TXN-1708-04,USER-1708,2025-03,2025-05-01,999.0,Standard Renewal
TXN-1708-05,USER-1708,2025-03,2025-05-31,999.0,Standard Renewal
TXN-1709-04,USER-1709,2025-05,2025-05-01,388.7,Tier Upgrade
TXN-1709-05,USER-1709,2025-05,2025-05-31,299.0,Standard Renewal
TXN-1710-09,USER-1710,2025-09,2025-09-28,299.0,Standard Renewal
TXN-1710-10,USER-1710,2025-09,2025-10-28,299.0,Standard Renewal
TXN-1710-11,USER-1710,2025-09,2025-11-27,299.0,Standard Renewal
TXN-1711-02,USER-1711,2025-03,2025-03-02,999.0,Standard Renewal
TXN-1711-03,USER-1711,2025-03,2025-04-01,1298.7,Tier Upgrade
TXN-1711-04,USER-1711,2025-03,2025-05-01,999.0,Standard Renewal
TXN-1712-09,USER-1712,2025-09,2025-09-28,999.0,Standard Renewal
TXN-1712-10,USER-1712,2025-09,2025-10-28,999.0,Standard Renewal
TXN-1713-02,USER-1713,2025-03,2025-03-02,299.0,Standard Renewal
TXN-1713-03,USER-1713,2025-03,2025-04-01,299.0,Standard Renewal
TXN-1713-04,USER-1713,2025-03,2025-05-01,299.0,Standard Renewal
TXN-1713-05,USER-1713,2025-03,2025-05-31,299.0,Standard Renewal
TXN-1713-06,USER-1713,2025-03,2025-06-30,388.7,Tier Upgrade
TXN-1713-07,USER-1713,2025-03,2025-07-30,299.0,Standard Renewal
TXN-1713-08,USER-1713,2025-03,2025-08-29,299.0,Standard Renewal
TXN-1713-09,USER-1713,2025-03,2025-09-28,299.0,Standard Renewal
TXN-1713-10,USER-1713,2025-03,2025-10-28,388.7,Tier Upgrade
TXN-1713-11,USER-1713,2025-03,2025-11-27,299.0,Standard Renewal
TXN-1714-11,USER-1714,2025-11,2025-11-27,1298.7,Tier Upgrade
TXN-1715-03,USER-1715,2025-04,2025-04-01,299.0,Standard Renewal
TXN-1715-04,USER-1715,2025-04,2025-05-01,299.0,Standard Renewal
TXN-1715-05,USER-1715,2025-04,2025-05-31,299.0,Standard Renewal
TXN-1715-06,USER-1715,2025-04,2025-06-30,299.0,Standard Renewal
TXN-1715-07,USER-1715,2025-04,2025-07-30,209.3,Contraction
TXN-1715-08,USER-1715,2025-04,2025-08-29,299.0,Standard Renewal
TXN-1715-09,USER-1715,2025-04,2025-09-28,388.7,Tier Upgrade
TXN-1715-10,USER-1715,2025-04,2025-10-28,299.0,Standard Renewal
TXN-1716-03,USER-1716,2025-04,2025-04-01,999.0,Standard Renewal
TXN-1716-04,USER-1716,2025-04,2025-05-01,999.0,Standard Renewal
TXN-1716-05,USER-1716,2025-04,2025-05-31,999.0,Standard Renewal
TXN-1716-06,USER-1716,2025-04,2025-06-30,999.0,Standard Renewal
TXN-1716-07,USER-1716,2025-04,2025-07-30,999.0,Standard Renewal
TXN-1716-08,USER-1716,2025-04,2025-08-29,999.0,Standard Renewal
TXN-1716-09,USER-1716,2025-04,2025-09-28,1298.7,Tier Upgrade
TXN-1716-10,USER-1716,2025-04,2025-10-28,999.0,Standard Renewal
TXN-1717-06,USER-1717,2025-06,2025-06-30,299.0,Standard Renewal
TXN-1717-07,USER-1717,2025-06,2025-07-30,299.0,Standard Renewal
TXN-1717-08,USER-1717,2025-06,2025-08-29,299.0,Standard Renewal
TXN-1717-09,USER-1717,2025-06,2025-09-28,388.7,Tier Upgrade
TXN-1717-10,USER-1717,2025-06,2025-10-28,388.7,Tier Upgrade
TXN-1717-11,USER-1717,2025-06,2025-11-27,299.0,Standard Renewal
TXN-1719-04,USER-1719,2025-05,2025-05-01,599.0,Standard Renewal
TXN-1719-05,USER-1719,2025-05,2025-05-31,599.0,Standard Renewal
TXN-1719-06,USER-1719,2025-05,2025-06-30,599.0,Standard Renewal
TXN-1720-11,USER-1720,2025-11,2025-11-27,999.0,Standard Renewal
TXN-1721-11,USER-1721,2025-11,2025-11-27,599.0,Standard Renewal
TXN-1722-02,USER-1722,2025-03,2025-03-02,999.0,Standard Renewal
TXN-1722-03,USER-1722,2025-03,2025-04-01,999.0,Standard Renewal
TXN-1723-07,USER-1723,2025-07,2025-07-30,599.0,Standard Renewal
TXN-1723-08,USER-1723,2025-07,2025-08-29,599.0,Standard Renewal
TXN-1723-09,USER-1723,2025-07,2025-09-28,599.0,Standard Renewal
TXN-1723-10,USER-1723,2025-07,2025-10-28,599.0,Standard Renewal
TXN-1723-11,USER-1723,2025-07,2025-11-27,599.0,Standard Renewal
TXN-1724-07,USER-1724,2025-07,2025-07-30,599.0,Standard Renewal
TXN-1724-08,USER-1724,2025-07,2025-08-29,599.0,Standard Renewal
TXN-1724-09,USER-1724,2025-07,2025-09-28,599.0,Standard Renewal
TXN-1724-10,USER-1724,2025-07,2025-10-28,599.0,Standard Renewal
TXN-1724-11,USER-1724,2025-07,2025-11-27,599.0,Standard Renewal
TXN-1725-06,USER-1725,2025-06,2025-06-30,299.0,Standard Renewal
TXN-1725-07,USER-1725,2025-06,2025-07-30,299.0,Standard Renewal
TXN-1725-08,USER-1725,2025-06,2025-08-29,299.0,Standard Renewal
TXN-1725-09,USER-1725,2025-06,2025-09-28,209.3,Contraction
TXN-1725-10,USER-1725,2025-06,2025-10-28,299.0,Standard Renewal
TXN-1725-11,USER-1725,2025-06,2025-11-27,299.0,Standard Renewal
TXN-1726-07,USER-1726,2025-07,2025-07-30,999.0,Standard Renewal
TXN-1726-08,USER-1726,2025-07,2025-08-29,1298.7,Tier Upgrade
TXN-1727-11,USER-1727,2025-11,2025-11-27,209.3,Contraction
TXN-1729-09,USER-1729,2025-09,2025-09-28,388.7,Tier Upgrade
TXN-1729-10,USER-1729,2025-09,2025-10-28,388.7,Tier Upgrade
TXN-1729-11,USER-1729,2025-09,2025-11-27,299.0,Standard Renewal
TXN-1730-06,USER-1730,2025-06,2025-06-30,299.0,Standard Renewal
TXN-1730-07,USER-1730,2025-06,2025-07-30,388.7,Tier Upgrade
TXN-1730-08,USER-1730,2025-06,2025-08-29,299.0,Standard Renewal
TXN-1731-04,USER-1731,2025-05,2025-05-01,599.0,Standard Renewal
TXN-1731-05,USER-1731,2025-05,2025-05-31,599.0,Standard Renewal
TXN-1732-11,USER-1732,2025-11,2025-11-27,299.0,Standard Renewal
TXN-1733-04,USER-1733,2025-05,2025-05-01,299.0,Standard Renewal
TXN-1733-05,USER-1733,2025-05,2025-05-31,299.0,Standard Renewal
TXN-1734-08,USER-1734,2025-08,2025-08-29,999.0,Standard Renewal
TXN-1734-09,USER-1734,2025-08,2025-09-28,699.3,Contraction
TXN-1734-10,USER-1734,2025-08,2025-10-28,999.0,Standard Renewal
TXN-1734-11,USER-1734,2025-08,2025-11-27,999.0,Standard Renewal
TXN-1735-03,USER-1735,2025-04,2025-04-01,299.0,Standard Renewal
TXN-1735-04,USER-1735,2025-04,2025-05-01,299.0,Standard Renewal
TXN-1735-05,USER-1735,2025-04,2025-05-31,299.0,Standard Renewal
TXN-1735-06,USER-1735,2025-04,2025-06-30,299.0,Standard Renewal
TXN-1735-07,USER-1735,2025-04,2025-07-30,299.0,Standard Renewal
TXN-1736-10,USER-1736,2025-10,2025-10-28,778.7,Tier Upgrade
TXN-1736-11,USER-1736,2025-10,2025-11-27,599.0,Standard Renewal
TXN-1737-03,USER-1737,2025-04,2025-04-01,999.0,Standard Renewal
TXN-1737-04,USER-1737,2025-04,2025-05-01,999.0,Standard Renewal
TXN-1737-05,USER-1737,2025-04,2025-05-31,999.0,Standard Renewal
TXN-1737-06,USER-1737,2025-04,2025-06-30,999.0,Standard Renewal
TXN-1737-07,USER-1737,2025-04,2025-07-30,999.0,Standard Renewal
TXN-1737-08,USER-1737,2025-04,2025-08-29,999.0,Standard Renewal
TXN-1737-09,USER-1737,2025-04,2025-09-28,999.0,Standard Renewal
TXN-1737-10,USER-1737,2025-04,2025-10-28,1298.7,Tier Upgrade
TXN-1737-11,USER-1737,2025-04,2025-11-27,999.0,Standard Renewal
TXN-1738-11,USER-1738,2025-11,2025-11-27,299.0,Standard Renewal
TXN-1739-02,USER-1739,2025-03,2025-03-02,299.0,Standard Renewal
TXN-1739-03,USER-1739,2025-03,2025-04-01,299.0,Standard Renewal
TXN-1739-04,USER-1739,2025-03,2025-05-01,299.0,Standard Renewal
TXN-1739-05,USER-1739,2025-03,2025-05-31,299.0,Standard Renewal
TXN-1739-06,USER-1739,2025-03,2025-06-30,299.0,Standard Renewal
TXN-1739-07,USER-1739,2025-03,2025-07-30,209.3,Contraction
TXN-1739-08,USER-1739,2025-03,2025-08-29,299.0,Standard Renewal
TXN-1739-09,USER-1739,2025-03,2025-09-28,299.0,Standard Renewal
TXN-1740-04,USER-1740,2025-05,2025-05-01,999.0,Standard Renewal
TXN-1740-05,USER-1740,2025-05,2025-05-31,999.0,Standard Renewal
TXN-1741-07,USER-1741,2025-07,2025-07-30,299.0,Standard Renewal
TXN-1741-08,USER-1741,2025-07,2025-08-29,299.0,Standard Renewal
TXN-1741-09,USER-1741,2025-07,2025-09-28,299.0,Standard Renewal
TXN-1741-10,USER-1741,2025-07,2025-10-28,299.0,Standard Renewal
TXN-1741-11,USER-1741,2025-07,2025-11-27,299.0,Standard Renewal
TXN-1742-00,USER-1742,2025-01,2025-01-01,999.0,Standard Renewal
TXN-1742-01,USER-1742,2025-01,2025-01-31,999.0,Standard Renewal
TXN-1742-02,USER-1742,2025-01,2025-03-02,999.0,Standard Renewal
TXN-1742-03,USER-1742,2025-01,2025-04-01,999.0,Standard Renewal
TXN-1742-04,USER-1742,2025-01,2025-05-01,999.0,Standard Renewal
TXN-1742-05,USER-1742,2025-01,2025-05-31,1298.7,Tier Upgrade
TXN-1742-06,USER-1742,2025-01,2025-06-30,999.0,Standard Renewal
TXN-1742-07,USER-1742,2025-01,2025-07-30,999.0,Standard Renewal
TXN-1742-08,USER-1742,2025-01,2025-08-29,999.0,Standard Renewal
TXN-1742-09,USER-1742,2025-01,2025-09-28,999.0,Standard Renewal
TXN-1742-10,USER-1742,2025-01,2025-10-28,999.0,Standard Renewal
TXN-1742-11,USER-1742,2025-01,2025-11-27,999.0,Standard Renewal
TXN-1743-06,USER-1743,2025-06,2025-06-30,299.0,Standard Renewal
TXN-1743-07,USER-1743,2025-06,2025-07-30,299.0,Standard Renewal
TXN-1743-08,USER-1743,2025-06,2025-08-29,299.0,Standard Renewal
TXN-1743-09,USER-1743,2025-06,2025-09-28,299.0,Standard Renewal
TXN-1743-10,USER-1743,2025-06,2025-10-28,299.0,Standard Renewal
TXN-1743-11,USER-1743,2025-06,2025-11-27,299.0,Standard Renewal
TXN-1744-05,USER-1744,2025-05,2025-05-31,999.0,Standard Renewal
TXN-1744-06,USER-1744,2025-05,2025-06-30,999.0,Standard Renewal
TXN-1744-07,USER-1744,2025-05,2025-07-30,999.0,Standard Renewal
TXN-1744-08,USER-1744,2025-05,2025-08-29,1298.7,Tier Upgrade
TXN-1744-09,USER-1744,2025-05,2025-09-28,999.0,Standard Renewal
TXN-1744-10,USER-1744,2025-05,2025-10-28,999.0,Standard Renewal
TXN-1744-11,USER-1744,2025-05,2025-11-27,999.0,Standard Renewal
TXN-1745-11,USER-1745,2025-11,2025-11-27,209.3,Contraction
TXN-1746-10,USER-1746,2025-10,2025-10-28,999.0,Standard Renewal
TXN-1746-11,USER-1746,2025-10,2025-11-27,999.0,Standard Renewal
TXN-1747-06,USER-1747,2025-06,2025-06-30,209.3,Contraction
TXN-1747-07,USER-1747,2025-06,2025-07-30,209.3,Contraction
TXN-1747-08,USER-1747,2025-06,2025-08-29,209.3,Contraction
TXN-1747-09,USER-1747,2025-06,2025-09-28,299.0,Standard Renewal
TXN-1747-10,USER-1747,2025-06,2025-10-28,299.0,Standard Renewal
TXN-1747-11,USER-1747,2025-06,2025-11-27,299.0,Standard Renewal
TXN-1748-05,USER-1748,2025-05,2025-05-31,599.0,Standard Renewal
TXN-1748-06,USER-1748,2025-05,2025-06-30,599.0,Standard Renewal
TXN-1748-07,USER-1748,2025-05,2025-07-30,599.0,Standard Renewal
TXN-1748-08,USER-1748,2025-05,2025-08-29,599.0,Standard Renewal
TXN-1748-09,USER-1748,2025-05,2025-09-28,599.0,Standard Renewal
TXN-1748-10,USER-1748,2025-05,2025-10-28,599.0,Standard Renewal
TXN-1748-11,USER-1748,2025-05,2025-11-27,599.0,Standard Renewal
TXN-1749-04,USER-1749,2025-05,2025-05-01,299.0,Standard Renewal
TXN-1749-05,USER-1749,2025-05,2025-05-31,388.7,Tier Upgrade
TXN-1749-06,USER-1749,2025-05,2025-06-30,299.0,Standard Renewal
TXN-1749-07,USER-1749,2025-05,2025-07-30,299.0,Standard Renewal
TXN-1749-08,USER-1749,2025-05,2025-08-29,299.0,Standard Renewal
TXN-1750-09,USER-1750,2025-09,2025-09-28,299.0,Standard Renewal
TXN-1750-10,USER-1750,2025-09,2025-10-28,299.0,Standard Renewal
TXN-1750-11,USER-1750,2025-09,2025-11-27,299.0,Standard Renewal
TXN-1751-01,USER-1751,2025-01,2025-01-31,299.0,Standard Renewal
TXN-1751-02,USER-1751,2025-01,2025-03-02,299.0,Standard Renewal
TXN-1751-03,USER-1751,2025-01,2025-04-01,299.0,Standard Renewal
TXN-1751-04,USER-1751,2025-01,2025-05-01,299.0,Standard Renewal
TXN-1751-05,USER-1751,2025-01,2025-05-31,388.7,Tier Upgrade
TXN-1751-06,USER-1751,2025-01,2025-06-30,299.0,Standard Renewal
TXN-1751-07,USER-1751,2025-01,2025-07-30,299.0,Standard Renewal
TXN-1751-08,USER-1751,2025-01,2025-08-29,209.3,Contraction
TXN-1751-09,USER-1751,2025-01,2025-09-28,299.0,Standard Renewal
TXN-1751-10,USER-1751,2025-01,2025-10-28,299.0,Standard Renewal
TXN-1751-11,USER-1751,2025-01,2025-11-27,299.0,Standard Renewal
TXN-1752-04,USER-1752,2025-05,2025-05-01,599.0,Standard Renewal
TXN-1752-05,USER-1752,2025-05,2025-05-31,419.3,Contraction
TXN-1752-06,USER-1752,2025-05,2025-06-30,599.0,Standard Renewal
TXN-1752-07,USER-1752,2025-05,2025-07-30,599.0,Standard Renewal
TXN-1752-08,USER-1752,2025-05,2025-08-29,599.0,Standard Renewal
TXN-1752-09,USER-1752,2025-05,2025-09-28,599.0,Standard Renewal
TXN-1752-10,USER-1752,2025-05,2025-10-28,599.0,Standard Renewal
TXN-1752-11,USER-1752,2025-05,2025-11-27,599.0,Standard Renewal
TXN-1753-06,USER-1753,2025-06,2025-06-30,299.0,Standard Renewal
TXN-1753-07,USER-1753,2025-06,2025-07-30,388.7,Tier Upgrade
TXN-1753-08,USER-1753,2025-06,2025-08-29,299.0,Standard Renewal
TXN-1753-09,USER-1753,2025-06,2025-09-28,299.0,Standard Renewal
TXN-1754-03,USER-1754,2025-04,2025-04-01,999.0,Standard Renewal
TXN-1754-04,USER-1754,2025-04,2025-05-01,999.0,Standard Renewal
TXN-1754-05,USER-1754,2025-04,2025-05-31,999.0,Standard Renewal
TXN-1754-06,USER-1754,2025-04,2025-06-30,999.0,Standard Renewal
TXN-1754-07,USER-1754,2025-04,2025-07-30,999.0,Standard Renewal
TXN-1754-08,USER-1754,2025-04,2025-08-29,999.0,Standard Renewal
TXN-1754-09,USER-1754,2025-04,2025-09-28,999.0,Standard Renewal
TXN-1755-11,USER-1755,2025-11,2025-11-27,299.0,Standard Renewal
TXN-1756-06,USER-1756,2025-06,2025-06-30,999.0,Standard Renewal
TXN-1756-07,USER-1756,2025-06,2025-07-30,999.0,Standard Renewal
TXN-1756-08,USER-1756,2025-06,2025-08-29,999.0,Standard Renewal
TXN-1756-09,USER-1756,2025-06,2025-09-28,999.0,Standard Renewal
TXN-1756-10,USER-1756,2025-06,2025-10-28,999.0,Standard Renewal
TXN-1757-07,USER-1757,2025-07,2025-07-30,999.0,Standard Renewal
TXN-1757-08,USER-1757,2025-07,2025-08-29,999.0,Standard Renewal
TXN-1757-09,USER-1757,2025-07,2025-09-28,999.0,Standard Renewal
TXN-1757-10,USER-1757,2025-07,2025-10-28,999.0,Standard Renewal
TXN-1757-11,USER-1757,2025-07,2025-11-27,699.3,Contraction
TXN-1758-01,USER-1758,2025-01,2025-01-31,778.7,Tier Upgrade
TXN-1758-02,USER-1758,2025-01,2025-03-02,599.0,Standard Renewal
TXN-1758-03,USER-1758,2025-01,2025-04-01,599.0,Standard Renewal
TXN-1758-04,USER-1758,2025-01,2025-05-01,778.7,Tier Upgrade
TXN-1758-05,USER-1758,2025-01,2025-05-31,778.7,Tier Upgrade
TXN-1758-06,USER-1758,2025-01,2025-06-30,599.0,Standard Renewal
TXN-1759-06,USER-1759,2025-06,2025-06-30,999.0,Standard Renewal
TXN-1760-04,USER-1760,2025-05,2025-05-01,999.0,Standard Renewal
TXN-1760-05,USER-1760,2025-05,2025-05-31,999.0,Standard Renewal
TXN-1760-06,USER-1760,2025-05,2025-06-30,999.0,Standard Renewal
TXN-1760-07,USER-1760,2025-05,2025-07-30,999.0,Standard Renewal
TXN-1760-08,USER-1760,2025-05,2025-08-29,999.0,Standard Renewal
TXN-1760-09,USER-1760,2025-05,2025-09-28,999.0,Standard Renewal
TXN-1760-10,USER-1760,2025-05,2025-10-28,1298.7,Tier Upgrade
TXN-1760-11,USER-1760,2025-05,2025-11-27,999.0,Standard Renewal
TXN-1761-11,USER-1761,2025-11,2025-11-27,599.0,Standard Renewal
TXN-1762-03,USER-1762,2025-04,2025-04-01,599.0,Standard Renewal
TXN-1763-08,USER-1763,2025-08,2025-08-29,999.0,Standard Renewal
TXN-1763-09,USER-1763,2025-08,2025-09-28,999.0,Standard Renewal
TXN-1763-10,USER-1763,2025-08,2025-10-28,999.0,Standard Renewal
TXN-1763-11,USER-1763,2025-08,2025-11-27,999.0,Standard Renewal
TXN-1764-10,USER-1764,2025-10,2025-10-28,599.0,Standard Renewal
TXN-1764-11,USER-1764,2025-10,2025-11-27,599.0,Standard Renewal
TXN-1766-00,USER-1766,2025-01,2025-01-01,299.0,Standard Renewal
TXN-1766-01,USER-1766,2025-01,2025-01-31,299.0,Standard Renewal
TXN-1766-02,USER-1766,2025-01,2025-03-02,299.0,Standard Renewal
TXN-1766-03,USER-1766,2025-01,2025-04-01,299.0,Standard Renewal
TXN-1767-05,USER-1767,2025-05,2025-05-31,299.0,Standard Renewal
TXN-1767-06,USER-1767,2025-05,2025-06-30,299.0,Standard Renewal
TXN-1767-07,USER-1767,2025-05,2025-07-30,299.0,Standard Renewal
TXN-1767-08,USER-1767,2025-05,2025-08-29,299.0,Standard Renewal
TXN-1767-09,USER-1767,2025-05,2025-09-28,299.0,Standard Renewal
TXN-1767-10,USER-1767,2025-05,2025-10-28,299.0,Standard Renewal
TXN-1767-11,USER-1767,2025-05,2025-11-27,299.0,Standard Renewal
TXN-1768-05,USER-1768,2025-05,2025-05-31,999.0,Standard Renewal
TXN-1768-06,USER-1768,2025-05,2025-06-30,999.0,Standard Renewal
TXN-1768-07,USER-1768,2025-05,2025-07-30,999.0,Standard Renewal
TXN-1768-08,USER-1768,2025-05,2025-08-29,699.3,Contraction
TXN-1768-09,USER-1768,2025-05,2025-09-28,999.0,Standard Renewal
TXN-1768-10,USER-1768,2025-05,2025-10-28,999.0,Standard Renewal
TXN-1768-11,USER-1768,2025-05,2025-11-27,999.0,Standard Renewal
TXN-1769-06,USER-1769,2025-06,2025-06-30,599.0,Standard Renewal
TXN-1770-08,USER-1770,2025-08,2025-08-29,299.0,Standard Renewal
TXN-1770-09,USER-1770,2025-08,2025-09-28,299.0,Standard Renewal
TXN-1770-10,USER-1770,2025-08,2025-10-28,299.0,Standard Renewal
TXN-1770-11,USER-1770,2025-08,2025-11-27,299.0,Standard Renewal
TXN-1771-03,USER-1771,2025-04,2025-04-01,299.0,Standard Renewal
TXN-1771-04,USER-1771,2025-04,2025-05-01,299.0,Standard Renewal
TXN-1771-05,USER-1771,2025-04,2025-05-31,299.0,Standard Renewal
TXN-1771-06,USER-1771,2025-04,2025-06-30,299.0,Standard Renewal
TXN-1772-11,USER-1772,2025-11,2025-11-27,999.0,Standard Renewal
TXN-1773-00,USER-1773,2025-01,2025-01-01,999.0,Standard Renewal
TXN-1773-01,USER-1773,2025-01,2025-01-31,999.0,Standard Renewal
TXN-1773-02,USER-1773,2025-01,2025-03-02,999.0,Standard Renewal
TXN-1773-03,USER-1773,2025-01,2025-04-01,999.0,Standard Renewal
TXN-1773-04,USER-1773,2025-01,2025-05-01,999.0,Standard Renewal
TXN-1773-05,USER-1773,2025-01,2025-05-31,999.0,Standard Renewal
TXN-1773-06,USER-1773,2025-01,2025-06-30,999.0,Standard Renewal
TXN-1773-07,USER-1773,2025-01,2025-07-30,999.0,Standard Renewal
TXN-1773-08,USER-1773,2025-01,2025-08-29,999.0,Standard Renewal
TXN-1773-09,USER-1773,2025-01,2025-09-28,999.0,Standard Renewal
TXN-1773-10,USER-1773,2025-01,2025-10-28,999.0,Standard Renewal
TXN-1774-10,USER-1774,2025-10,2025-10-28,419.3,Contraction
TXN-1774-11,USER-1774,2025-10,2025-11-27,599.0,Standard Renewal
TXN-1775-02,USER-1775,2025-03,2025-03-02,999.0,Standard Renewal
TXN-1775-03,USER-1775,2025-03,2025-04-01,999.0,Standard Renewal
TXN-1775-04,USER-1775,2025-03,2025-05-01,999.0,Standard Renewal
TXN-1776-03,USER-1776,2025-04,2025-04-01,419.3,Contraction
TXN-1776-04,USER-1776,2025-04,2025-05-01,599.0,Standard Renewal
TXN-1776-05,USER-1776,2025-04,2025-05-31,599.0,Standard Renewal
TXN-1776-06,USER-1776,2025-04,2025-06-30,778.7,Tier Upgrade
TXN-1776-07,USER-1776,2025-04,2025-07-30,599.0,Standard Renewal
TXN-1776-08,USER-1776,2025-04,2025-08-29,599.0,Standard Renewal
TXN-1776-09,USER-1776,2025-04,2025-09-28,599.0,Standard Renewal
TXN-1776-10,USER-1776,2025-04,2025-10-28,599.0,Standard Renewal
TXN-1776-11,USER-1776,2025-04,2025-11-27,778.7,Tier Upgrade
TXN-1777-06,USER-1777,2025-06,2025-06-30,999.0,Standard Renewal
TXN-1777-07,USER-1777,2025-06,2025-07-30,999.0,Standard Renewal
TXN-1777-08,USER-1777,2025-06,2025-08-29,999.0,Standard Renewal
TXN-1777-09,USER-1777,2025-06,2025-09-28,1298.7,Tier Upgrade
TXN-1777-10,USER-1777,2025-06,2025-10-28,999.0,Standard Renewal
TXN-1777-11,USER-1777,2025-06,2025-11-27,999.0,Standard Renewal
TXN-1778-06,USER-1778,2025-06,2025-06-30,419.3,Contraction
TXN-1778-07,USER-1778,2025-06,2025-07-30,599.0,Standard Renewal
TXN-1778-08,USER-1778,2025-06,2025-08-29,599.0,Standard Renewal
TXN-1778-09,USER-1778,2025-06,2025-09-28,599.0,Standard Renewal
TXN-1778-10,USER-1778,2025-06,2025-10-28,599.0,Standard Renewal
TXN-1778-11,USER-1778,2025-06,2025-11-27,599.0,Standard Renewal
TXN-1779-08,USER-1779,2025-08,2025-08-29,299.0,Standard Renewal
TXN-1779-09,USER-1779,2025-08,2025-09-28,299.0,Standard Renewal
TXN-1779-10,USER-1779,2025-08,2025-10-28,299.0,Standard Renewal
TXN-1779-11,USER-1779,2025-08,2025-11-27,299.0,Standard Renewal
TXN-1780-04,USER-1780,2025-05,2025-05-01,599.0,Standard Renewal
TXN-1780-05,USER-1780,2025-05,2025-05-31,599.0,Standard Renewal
TXN-1780-06,USER-1780,2025-05,2025-06-30,599.0,Standard Renewal
TXN-1780-07,USER-1780,2025-05,2025-07-30,599.0,Standard Renewal
TXN-1780-08,USER-1780,2025-05,2025-08-29,599.0,Standard Renewal
TXN-1780-09,USER-1780,2025-05,2025-09-28,599.0,Standard Renewal
TXN-1780-10,USER-1780,2025-05,2025-10-28,778.7,Tier Upgrade
TXN-1780-11,USER-1780,2025-05,2025-11-27,599.0,Standard Renewal
TXN-1781-08,USER-1781,2025-08,2025-08-29,299.0,Standard Renewal
TXN-1781-09,USER-1781,2025-08,2025-09-28,299.0,Standard Renewal
TXN-1781-10,USER-1781,2025-08,2025-10-28,299.0,Standard Renewal
TXN-1781-11,USER-1781,2025-08,2025-11-27,299.0,Standard Renewal
TXN-1782-06,USER-1782,2025-06,2025-06-30,999.0,Standard Renewal
TXN-1782-07,USER-1782,2025-06,2025-07-30,999.0,Standard Renewal
TXN-1782-08,USER-1782,2025-06,2025-08-29,999.0,Standard Renewal
TXN-1782-09,USER-1782,2025-06,2025-09-28,999.0,Standard Renewal
TXN-1782-10,USER-1782,2025-06,2025-10-28,999.0,Standard Renewal
TXN-1782-11,USER-1782,2025-06,2025-11-27,999.0,Standard Renewal
TXN-1783-03,USER-1783,2025-04,2025-04-01,599.0,Standard Renewal
TXN-1783-04,USER-1783,2025-04,2025-05-01,599.0,Standard Renewal
TXN-1783-05,USER-1783,2025-04,2025-05-31,599.0,Standard Renewal
TXN-1783-06,USER-1783,2025-04,2025-06-30,778.7,Tier Upgrade
TXN-1783-07,USER-1783,2025-04,2025-07-30,599.0,Standard Renewal
TXN-1783-08,USER-1783,2025-04,2025-08-29,599.0,Standard Renewal
TXN-1783-09,USER-1783,2025-04,2025-09-28,599.0,Standard Renewal
TXN-1783-10,USER-1783,2025-04,2025-10-28,599.0,Standard Renewal
TXN-1783-11,USER-1783,2025-04,2025-11-27,599.0,Standard Renewal
TXN-1784-00,USER-1784,2025-01,2025-01-01,299.0,Standard Renewal
TXN-1784-01,USER-1784,2025-01,2025-01-31,299.0,Standard Renewal
TXN-1784-02,USER-1784,2025-01,2025-03-02,299.0,Standard Renewal
TXN-1784-03,USER-1784,2025-01,2025-04-01,299.0,Standard Renewal
TXN-1784-04,USER-1784,2025-01,2025-05-01,299.0,Standard Renewal
TXN-1784-05,USER-1784,2025-01,2025-05-31,299.0,Standard Renewal
TXN-1784-06,USER-1784,2025-01,2025-06-30,299.0,Standard Renewal
TXN-1784-07,USER-1784,2025-01,2025-07-30,299.0,Standard Renewal
TXN-1785-10,USER-1785,2025-10,2025-10-28,299.0,Standard Renewal
TXN-1785-11,USER-1785,2025-10,2025-11-27,299.0,Standard Renewal
TXN-1786-02,USER-1786,2025-03,2025-03-02,299.0,Standard Renewal
TXN-1786-03,USER-1786,2025-03,2025-04-01,299.0,Standard Renewal
TXN-1786-04,USER-1786,2025-03,2025-05-01,299.0,Standard Renewal
TXN-1786-05,USER-1786,2025-03,2025-05-31,388.7,Tier Upgrade
TXN-1786-06,USER-1786,2025-03,2025-06-30,299.0,Standard Renewal
TXN-1786-07,USER-1786,2025-03,2025-07-30,299.0,Standard Renewal
TXN-1786-08,USER-1786,2025-03,2025-08-29,299.0,Standard Renewal
TXN-1786-09,USER-1786,2025-03,2025-09-28,299.0,Standard Renewal
TXN-1786-10,USER-1786,2025-03,2025-10-28,299.0,Standard Renewal
TXN-1786-11,USER-1786,2025-03,2025-11-27,299.0,Standard Renewal
TXN-1787-03,USER-1787,2025-04,2025-04-01,599.0,Standard Renewal
TXN-1787-04,USER-1787,2025-04,2025-05-01,599.0,Standard Renewal
TXN-1787-05,USER-1787,2025-04,2025-05-31,599.0,Standard Renewal
TXN-1787-06,USER-1787,2025-04,2025-06-30,599.0,Standard Renewal
TXN-1787-07,USER-1787,2025-04,2025-07-30,419.3,Contraction
TXN-1787-08,USER-1787,2025-04,2025-08-29,599.0,Standard Renewal
TXN-1787-09,USER-1787,2025-04,2025-09-28,599.0,Standard Renewal
TXN-1788-05,USER-1788,2025-05,2025-05-31,299.0,Standard Renewal
TXN-1788-06,USER-1788,2025-05,2025-06-30,299.0,Standard Renewal
TXN-1788-07,USER-1788,2025-05,2025-07-30,299.0,Standard Renewal
TXN-1788-08,USER-1788,2025-05,2025-08-29,299.0,Standard Renewal
TXN-1788-09,USER-1788,2025-05,2025-09-28,299.0,Standard Renewal
TXN-1789-03,USER-1789,2025-04,2025-04-01,999.0,Standard Renewal
TXN-1790-10,USER-1790,2025-10,2025-10-28,999.0,Standard Renewal
TXN-1790-11,USER-1790,2025-10,2025-11-27,999.0,Standard Renewal
TXN-1791-04,USER-1791,2025-05,2025-05-01,599.0,Standard Renewal
TXN-1791-05,USER-1791,2025-05,2025-05-31,599.0,Standard Renewal
TXN-1792-11,USER-1792,2025-11,2025-11-27,999.0,Standard Renewal
TXN-1793-02,USER-1793,2025-03,2025-03-02,599.0,Standard Renewal
TXN-1793-03,USER-1793,2025-03,2025-04-01,599.0,Standard Renewal
TXN-1793-04,USER-1793,2025-03,2025-05-01,599.0,Standard Renewal
TXN-1793-05,USER-1793,2025-03,2025-05-31,599.0,Standard Renewal
TXN-1794-10,USER-1794,2025-10,2025-10-28,299.0,Standard Renewal
TXN-1794-11,USER-1794,2025-10,2025-11-27,299.0,Standard Renewal
TXN-1795-06,USER-1795,2025-06,2025-06-30,599.0,Standard Renewal
TXN-1795-07,USER-1795,2025-06,2025-07-30,419.3,Contraction
TXN-1796-03,USER-1796,2025-04,2025-04-01,778.7,Tier Upgrade
TXN-1796-04,USER-1796,2025-04,2025-05-01,599.0,Standard Renewal
TXN-1796-05,USER-1796,2025-04,2025-05-31,599.0,Standard Renewal
TXN-1796-06,USER-1796,2025-04,2025-06-30,599.0,Standard Renewal
TXN-1796-07,USER-1796,2025-04,2025-07-30,599.0,Standard Renewal
TXN-1796-08,USER-1796,2025-04,2025-08-29,599.0,Standard Renewal
TXN-1796-09,USER-1796,2025-04,2025-09-28,599.0,Standard Renewal
TXN-1797-02,USER-1797,2025-03,2025-03-02,299.0,Standard Renewal
TXN-1797-03,USER-1797,2025-03,2025-04-01,299.0,Standard Renewal
TXN-1797-04,USER-1797,2025-03,2025-05-01,299.0,Standard Renewal
TXN-1797-05,USER-1797,2025-03,2025-05-31,299.0,Standard Renewal
TXN-1797-06,USER-1797,2025-03,2025-06-30,299.0,Standard Renewal
TXN-1797-07,USER-1797,2025-03,2025-07-30,299.0,Standard Renewal
TXN-1797-08,USER-1797,2025-03,2025-08-29,299.0,Standard Renewal
TXN-1798-07,USER-1798,2025-07,2025-07-30,999.0,Standard Renewal
TXN-1798-08,USER-1798,2025-07,2025-08-29,999.0,Standard Renewal
TXN-1798-09,USER-1798,2025-07,2025-09-28,999.0,Standard Renewal
TXN-1798-10,USER-1798,2025-07,2025-10-28,1298.7,Tier Upgrade
TXN-1798-11,USER-1798,2025-07,2025-11-27,999.0,Standard Renewal
TXN-1799-05,USER-1799,2025-05,2025-05-31,999.0,Standard Renewal
TXN-1799-06,USER-1799,2025-05,2025-06-30,999.0,Standard Renewal
TXN-1799-07,USER-1799,2025-05,2025-07-30,999.0,Standard Renewal
TXN-1799-08,USER-1799,2025-05,2025-08-29,999.0,Standard Renewal
TXN-1799-09,USER-1799,2025-05,2025-09-28,999.0,Standard Renewal
TXN-1799-10,USER-1799,2025-05,2025-10-28,999.0,Standard Renewal
TXN-1799-11,USER-1799,2025-05,2025-11-27,999.0,Standard Renewal
TXN-1800-10,USER-1800,2025-10,2025-10-28,999.0,Standard Renewal
TXN-1800-11,USER-1800,2025-10,2025-11-27,999.0,Standard Renewal
TXN-1801-09,USER-1801,2025-09,2025-09-28,999.0,Standard Renewal
TXN-1801-10,USER-1801,2025-09,2025-10-28,999.0,Standard Renewal
TXN-1801-11,USER-1801,2025-09,2025-11-27,999.0,Standard Renewal
TXN-1802-09,USER-1802,2025-09,2025-09-28,999.0,Standard Renewal
TXN-1802-10,USER-1802,2025-09,2025-10-28,999.0,Standard Renewal
TXN-1802-11,USER-1802,2025-09,2025-11-27,999.0,Standard Renewal
TXN-1803-04,USER-1803,2025-05,2025-05-01,599.0,Standard Renewal
TXN-1804-11,USER-1804,2025-11,2025-11-27,999.0,Standard Renewal
TXN-1806-10,USER-1806,2025-10,2025-10-28,299.0,Standard Renewal
TXN-1806-11,USER-1806,2025-10,2025-11-27,299.0,Standard Renewal
TXN-1807-02,USER-1807,2025-03,2025-03-02,388.7,Tier Upgrade
TXN-1807-03,USER-1807,2025-03,2025-04-01,299.0,Standard Renewal
TXN-1807-04,USER-1807,2025-03,2025-05-01,299.0,Standard Renewal
TXN-1808-10,USER-1808,2025-10,2025-10-28,419.3,Contraction
TXN-1808-11,USER-1808,2025-10,2025-11-27,599.0,Standard Renewal
TXN-1809-11,USER-1809,2025-11,2025-11-27,999.0,Standard Renewal
TXN-1810-00,USER-1810,2025-01,2025-01-01,299.0,Standard Renewal
TXN-1810-01,USER-1810,2025-01,2025-01-31,299.0,Standard Renewal
TXN-1810-02,USER-1810,2025-01,2025-03-02,299.0,Standard Renewal
TXN-1810-03,USER-1810,2025-01,2025-04-01,299.0,Standard Renewal
TXN-1810-04,USER-1810,2025-01,2025-05-01,299.0,Standard Renewal
TXN-1810-05,USER-1810,2025-01,2025-05-31,209.3,Contraction
TXN-1810-06,USER-1810,2025-01,2025-06-30,299.0,Standard Renewal
TXN-1810-07,USER-1810,2025-01,2025-07-30,388.7,Tier Upgrade
TXN-1811-11,USER-1811,2025-11,2025-11-27,999.0,Standard Renewal
TXN-1812-04,USER-1812,2025-05,2025-05-01,599.0,Standard Renewal
TXN-1812-05,USER-1812,2025-05,2025-05-31,599.0,Standard Renewal
TXN-1812-06,USER-1812,2025-05,2025-06-30,599.0,Standard Renewal
TXN-1812-07,USER-1812,2025-05,2025-07-30,599.0,Standard Renewal
TXN-1812-08,USER-1812,2025-05,2025-08-29,599.0,Standard Renewal
TXN-1812-09,USER-1812,2025-05,2025-09-28,599.0,Standard Renewal
TXN-1812-10,USER-1812,2025-05,2025-10-28,419.3,Contraction
TXN-1812-11,USER-1812,2025-05,2025-11-27,599.0,Standard Renewal
TXN-1813-01,USER-1813,2025-01,2025-01-31,299.0,Standard Renewal
TXN-1813-02,USER-1813,2025-01,2025-03-02,299.0,Standard Renewal
TXN-1813-03,USER-1813,2025-01,2025-04-01,299.0,Standard Renewal
TXN-1813-04,USER-1813,2025-01,2025-05-01,299.0,Standard Renewal
TXN-1813-05,USER-1813,2025-01,2025-05-31,388.7,Tier Upgrade
TXN-1814-09,USER-1814,2025-09,2025-09-28,299.0,Standard Renewal
TXN-1814-10,USER-1814,2025-09,2025-10-28,299.0,Standard Renewal
TXN-1814-11,USER-1814,2025-09,2025-11-27,299.0,Standard Renewal
TXN-1815-06,USER-1815,2025-06,2025-06-30,599.0,Standard Renewal
TXN-1815-07,USER-1815,2025-06,2025-07-30,599.0,Standard Renewal
TXN-1815-08,USER-1815,2025-06,2025-08-29,599.0,Standard Renewal
TXN-1816-01,USER-1816,2025-01,2025-01-31,299.0,Standard Renewal
TXN-1818-06,USER-1818,2025-06,2025-06-30,299.0,Standard Renewal
TXN-1818-07,USER-1818,2025-06,2025-07-30,299.0,Standard Renewal
TXN-1818-08,USER-1818,2025-06,2025-08-29,299.0,Standard Renewal
TXN-1818-09,USER-1818,2025-06,2025-09-28,299.0,Standard Renewal
TXN-1818-10,USER-1818,2025-06,2025-10-28,299.0,Standard Renewal
TXN-1818-11,USER-1818,2025-06,2025-11-27,299.0,Standard Renewal
TXN-1819-11,USER-1819,2025-11,2025-11-27,299.0,Standard Renewal
TXN-1820-01,USER-1820,2025-01,2025-01-31,299.0,Standard Renewal
TXN-1820-02,USER-1820,2025-01,2025-03-02,299.0,Standard Renewal
TXN-1820-03,USER-1820,2025-01,2025-04-01,299.0,Standard Renewal
TXN-1820-04,USER-1820,2025-01,2025-05-01,299.0,Standard Renewal
TXN-1820-05,USER-1820,2025-01,2025-05-31,299.0,Standard Renewal
TXN-1820-06,USER-1820,2025-01,2025-06-30,299.0,Standard Renewal
TXN-1820-07,USER-1820,2025-01,2025-07-30,388.7,Tier Upgrade
TXN-1820-08,USER-1820,2025-01,2025-08-29,299.0,Standard Renewal
TXN-1820-09,USER-1820,2025-01,2025-09-28,299.0,Standard Renewal
TXN-1821-04,USER-1821,2025-05,2025-05-01,388.7,Tier Upgrade
TXN-1821-05,USER-1821,2025-05,2025-05-31,299.0,Standard Renewal
TXN-1821-06,USER-1821,2025-05,2025-06-30,299.0,Standard Renewal
TXN-1821-07,USER-1821,2025-05,2025-07-30,299.0,Standard Renewal
TXN-1822-02,USER-1822,2025-03,2025-03-02,299.0,Standard Renewal
TXN-1822-03,USER-1822,2025-03,2025-04-01,299.0,Standard Renewal
TXN-1822-04,USER-1822,2025-03,2025-05-01,299.0,Standard Renewal
TXN-1823-09,USER-1823,2025-09,2025-09-28,999.0,Standard Renewal
TXN-1823-10,USER-1823,2025-09,2025-10-28,999.0,Standard Renewal
TXN-1823-11,USER-1823,2025-09,2025-11-27,999.0,Standard Renewal
TXN-1824-09,USER-1824,2025-09,2025-09-28,299.0,Standard Renewal
TXN-1824-10,USER-1824,2025-09,2025-10-28,299.0,Standard Renewal
TXN-1824-11,USER-1824,2025-09,2025-11-27,299.0,Standard Renewal
TXN-1825-09,USER-1825,2025-09,2025-09-28,299.0,Standard Renewal
TXN-1825-10,USER-1825,2025-09,2025-10-28,299.0,Standard Renewal
TXN-1825-11,USER-1825,2025-09,2025-11-27,299.0,Standard Renewal
TXN-1826-11,USER-1826,2025-11,2025-11-27,599.0,Standard Renewal
TXN-1827-09,USER-1827,2025-09,2025-09-28,999.0,Standard Renewal
TXN-1827-10,USER-1827,2025-09,2025-10-28,999.0,Standard Renewal
TXN-1827-11,USER-1827,2025-09,2025-11-27,999.0,Standard Renewal
TXN-1828-07,USER-1828,2025-07,2025-07-30,999.0,Standard Renewal
TXN-1828-08,USER-1828,2025-07,2025-08-29,999.0,Standard Renewal
TXN-1828-09,USER-1828,2025-07,2025-09-28,999.0,Standard Renewal
TXN-1828-10,USER-1828,2025-07,2025-10-28,999.0,Standard Renewal
TXN-1828-11,USER-1828,2025-07,2025-11-27,999.0,Standard Renewal
TXN-1830-06,USER-1830,2025-06,2025-06-30,299.0,Standard Renewal
TXN-1830-07,USER-1830,2025-06,2025-07-30,209.3,Contraction
TXN-1830-08,USER-1830,2025-06,2025-08-29,299.0,Standard Renewal
TXN-1830-09,USER-1830,2025-06,2025-09-28,299.0,Standard Renewal
TXN-1830-10,USER-1830,2025-06,2025-10-28,299.0,Standard Renewal
TXN-1830-11,USER-1830,2025-06,2025-11-27,299.0,Standard Renewal
TXN-1831-04,USER-1831,2025-05,2025-05-01,778.7,Tier Upgrade
TXN-1831-05,USER-1831,2025-05,2025-05-31,599.0,Standard Renewal
TXN-1831-06,USER-1831,2025-05,2025-06-30,599.0,Standard Renewal
TXN-1831-07,USER-1831,2025-05,2025-07-30,599.0,Standard Renewal
TXN-1831-08,USER-1831,2025-05,2025-08-29,599.0,Standard Renewal
TXN-1831-09,USER-1831,2025-05,2025-09-28,778.7,Tier Upgrade
TXN-1831-10,USER-1831,2025-05,2025-10-28,599.0,Standard Renewal
TXN-1831-11,USER-1831,2025-05,2025-11-27,599.0,Standard Renewal
TXN-1832-06,USER-1832,2025-06,2025-06-30,419.3,Contraction
TXN-1832-07,USER-1832,2025-06,2025-07-30,419.3,Contraction
TXN-1832-08,USER-1832,2025-06,2025-08-29,599.0,Standard Renewal
TXN-1832-09,USER-1832,2025-06,2025-09-28,599.0,Standard Renewal
TXN-1832-10,USER-1832,2025-06,2025-10-28,599.0,Standard Renewal
TXN-1832-11,USER-1832,2025-06,2025-11-27,599.0,Standard Renewal
TXN-1833-06,USER-1833,2025-06,2025-06-30,299.0,Standard Renewal
TXN-1833-07,USER-1833,2025-06,2025-07-30,299.0,Standard Renewal
TXN-1833-08,USER-1833,2025-06,2025-08-29,299.0,Standard Renewal
TXN-1833-09,USER-1833,2025-06,2025-09-28,299.0,Standard Renewal
TXN-1833-10,USER-1833,2025-06,2025-10-28,299.0,Standard Renewal
TXN-1833-11,USER-1833,2025-06,2025-11-27,299.0,Standard Renewal
TXN-1834-10,USER-1834,2025-10,2025-10-28,999.0,Standard Renewal
TXN-1834-11,USER-1834,2025-10,2025-11-27,999.0,Standard Renewal
TXN-1835-11,USER-1835,2025-11,2025-11-27,599.0,Standard Renewal
TXN-1836-10,USER-1836,2025-10,2025-10-28,599.0,Standard Renewal
TXN-1836-11,USER-1836,2025-10,2025-11-27,599.0,Standard Renewal
TXN-1837-03,USER-1837,2025-04,2025-04-01,599.0,Standard Renewal
TXN-1837-04,USER-1837,2025-04,2025-05-01,419.3,Contraction
TXN-1837-05,USER-1837,2025-04,2025-05-31,599.0,Standard Renewal
TXN-1837-06,USER-1837,2025-04,2025-06-30,599.0,Standard Renewal
TXN-1838-07,USER-1838,2025-07,2025-07-30,299.0,Standard Renewal
TXN-1838-08,USER-1838,2025-07,2025-08-29,299.0,Standard Renewal
TXN-1838-09,USER-1838,2025-07,2025-09-28,299.0,Standard Renewal
TXN-1838-10,USER-1838,2025-07,2025-10-28,299.0,Standard Renewal
TXN-1838-11,USER-1838,2025-07,2025-11-27,299.0,Standard Renewal
TXN-1839-03,USER-1839,2025-04,2025-04-01,1298.7,Tier Upgrade
TXN-1839-04,USER-1839,2025-04,2025-05-01,999.0,Standard Renewal
TXN-1839-05,USER-1839,2025-04,2025-05-31,999.0,Standard Renewal
TXN-1839-06,USER-1839,2025-04,2025-06-30,999.0,Standard Renewal
TXN-1839-07,USER-1839,2025-04,2025-07-30,999.0,Standard Renewal
TXN-1839-08,USER-1839,2025-04,2025-08-29,699.3,Contraction
TXN-1839-09,USER-1839,2025-04,2025-09-28,999.0,Standard Renewal
TXN-1839-10,USER-1839,2025-04,2025-10-28,999.0,Standard Renewal
TXN-1840-09,USER-1840,2025-09,2025-09-28,599.0,Standard Renewal
TXN-1840-10,USER-1840,2025-09,2025-10-28,599.0,Standard Renewal
TXN-1840-11,USER-1840,2025-09,2025-11-27,599.0,Standard Renewal
TXN-1841-03,USER-1841,2025-04,2025-04-01,999.0,Standard Renewal
TXN-1841-04,USER-1841,2025-04,2025-05-01,999.0,Standard Renewal
TXN-1841-05,USER-1841,2025-04,2025-05-31,699.3,Contraction
TXN-1841-06,USER-1841,2025-04,2025-06-30,999.0,Standard Renewal
TXN-1842-03,USER-1842,2025-04,2025-04-01,999.0,Standard Renewal
TXN-1842-04,USER-1842,2025-04,2025-05-01,999.0,Standard Renewal
TXN-1843-06,USER-1843,2025-06,2025-06-30,299.0,Standard Renewal
TXN-1843-07,USER-1843,2025-06,2025-07-30,388.7,Tier Upgrade
TXN-1843-08,USER-1843,2025-06,2025-08-29,299.0,Standard Renewal
TXN-1845-08,USER-1845,2025-08,2025-08-29,999.0,Standard Renewal
TXN-1845-09,USER-1845,2025-08,2025-09-28,999.0,Standard Renewal
TXN-1845-10,USER-1845,2025-08,2025-10-28,999.0,Standard Renewal
TXN-1845-11,USER-1845,2025-08,2025-11-27,999.0,Standard Renewal
TXN-1846-08,USER-1846,2025-08,2025-08-29,299.0,Standard Renewal
TXN-1846-09,USER-1846,2025-08,2025-09-28,388.7,Tier Upgrade
TXN-1846-10,USER-1846,2025-08,2025-10-28,299.0,Standard Renewal
TXN-1846-11,USER-1846,2025-08,2025-11-27,299.0,Standard Renewal
TXN-1847-09,USER-1847,2025-09,2025-09-28,299.0,Standard Renewal
TXN-1847-10,USER-1847,2025-09,2025-10-28,209.3,Contraction
TXN-1848-08,USER-1848,2025-08,2025-08-29,209.3,Contraction
TXN-1848-09,USER-1848,2025-08,2025-09-28,299.0,Standard Renewal
TXN-1848-10,USER-1848,2025-08,2025-10-28,388.7,Tier Upgrade
TXN-1848-11,USER-1848,2025-08,2025-11-27,299.0,Standard Renewal
TXN-1849-00,USER-1849,2025-01,2025-01-01,599.0,Standard Renewal
TXN-1849-01,USER-1849,2025-01,2025-01-31,599.0,Standard Renewal
TXN-1849-02,USER-1849,2025-01,2025-03-02,599.0,Standard Renewal
TXN-1849-03,USER-1849,2025-01,2025-04-01,419.3,Contraction
TXN-1849-04,USER-1849,2025-01,2025-05-01,599.0,Standard Renewal
TXN-1850-10,USER-1850,2025-10,2025-10-28,419.3,Contraction
TXN-1850-11,USER-1850,2025-10,2025-11-27,599.0,Standard Renewal
TXN-1851-09,USER-1851,2025-09,2025-09-28,299.0,Standard Renewal
TXN-1851-10,USER-1851,2025-09,2025-10-28,299.0,Standard Renewal
TXN-1851-11,USER-1851,2025-09,2025-11-27,299.0,Standard Renewal
TXN-1852-01,USER-1852,2025-01,2025-01-31,1298.7,Tier Upgrade
TXN-1852-02,USER-1852,2025-01,2025-03-02,699.3,Contraction
TXN-1852-03,USER-1852,2025-01,2025-04-01,999.0,Standard Renewal
TXN-1852-04,USER-1852,2025-01,2025-05-01,999.0,Standard Renewal
TXN-1852-05,USER-1852,2025-01,2025-05-31,1298.7,Tier Upgrade
TXN-1852-06,USER-1852,2025-01,2025-06-30,999.0,Standard Renewal
TXN-1853-00,USER-1853,2025-01,2025-01-01,299.0,Standard Renewal
TXN-1853-01,USER-1853,2025-01,2025-01-31,299.0,Standard Renewal
TXN-1853-02,USER-1853,2025-01,2025-03-02,299.0,Standard Renewal
TXN-1853-03,USER-1853,2025-01,2025-04-01,299.0,Standard Renewal
TXN-1853-04,USER-1853,2025-01,2025-05-01,299.0,Standard Renewal
TXN-1853-05,USER-1853,2025-01,2025-05-31,299.0,Standard Renewal
TXN-1854-04,USER-1854,2025-05,2025-05-01,299.0,Standard Renewal
TXN-1854-05,USER-1854,2025-05,2025-05-31,209.3,Contraction
TXN-1854-06,USER-1854,2025-05,2025-06-30,299.0,Standard Renewal
TXN-1854-07,USER-1854,2025-05,2025-07-30,299.0,Standard Renewal
TXN-1854-08,USER-1854,2025-05,2025-08-29,299.0,Standard Renewal
TXN-1854-09,USER-1854,2025-05,2025-09-28,299.0,Standard Renewal
TXN-1854-10,USER-1854,2025-05,2025-10-28,299.0,Standard Renewal
TXN-1855-09,USER-1855,2025-09,2025-09-28,999.0,Standard Renewal
TXN-1855-10,USER-1855,2025-09,2025-10-28,999.0,Standard Renewal
TXN-1855-11,USER-1855,2025-09,2025-11-27,999.0,Standard Renewal
TXN-1856-09,USER-1856,2025-09,2025-09-28,999.0,Standard Renewal
TXN-1856-10,USER-1856,2025-09,2025-10-28,999.0,Standard Renewal
TXN-1856-11,USER-1856,2025-09,2025-11-27,999.0,Standard Renewal
TXN-1857-03,USER-1857,2025-04,2025-04-01,299.0,Standard Renewal
TXN-1858-03,USER-1858,2025-04,2025-04-01,299.0,Standard Renewal
TXN-1858-04,USER-1858,2025-04,2025-05-01,299.0,Standard Renewal
TXN-1858-05,USER-1858,2025-04,2025-05-31,209.3,Contraction
TXN-1858-06,USER-1858,2025-04,2025-06-30,209.3,Contraction
TXN-1858-07,USER-1858,2025-04,2025-07-30,299.0,Standard Renewal
TXN-1859-02,USER-1859,2025-03,2025-03-02,599.0,Standard Renewal
TXN-1859-03,USER-1859,2025-03,2025-04-01,419.3,Contraction
TXN-1859-04,USER-1859,2025-03,2025-05-01,599.0,Standard Renewal
TXN-1859-05,USER-1859,2025-03,2025-05-31,599.0,Standard Renewal
TXN-1859-06,USER-1859,2025-03,2025-06-30,599.0,Standard Renewal
TXN-1860-11,USER-1860,2025-11,2025-11-27,599.0,Standard Renewal
TXN-1861-11,USER-1861,2025-11,2025-11-27,209.3,Contraction
TXN-1862-06,USER-1862,2025-06,2025-06-30,999.0,Standard Renewal
TXN-1862-07,USER-1862,2025-06,2025-07-30,999.0,Standard Renewal
TXN-1862-08,USER-1862,2025-06,2025-08-29,999.0,Standard Renewal
TXN-1862-09,USER-1862,2025-06,2025-09-28,999.0,Standard Renewal
TXN-1863-07,USER-1863,2025-07,2025-07-30,299.0,Standard Renewal
TXN-1863-08,USER-1863,2025-07,2025-08-29,388.7,Tier Upgrade
TXN-1863-09,USER-1863,2025-07,2025-09-28,299.0,Standard Renewal
TXN-1863-10,USER-1863,2025-07,2025-10-28,299.0,Standard Renewal
TXN-1863-11,USER-1863,2025-07,2025-11-27,299.0,Standard Renewal
TXN-1864-06,USER-1864,2025-06,2025-06-30,299.0,Standard Renewal
TXN-1864-07,USER-1864,2025-06,2025-07-30,299.0,Standard Renewal
TXN-1865-11,USER-1865,2025-11,2025-11-27,299.0,Standard Renewal
TXN-1866-04,USER-1866,2025-05,2025-05-01,778.7,Tier Upgrade
TXN-1866-05,USER-1866,2025-05,2025-05-31,599.0,Standard Renewal
TXN-1866-06,USER-1866,2025-05,2025-06-30,599.0,Standard Renewal
TXN-1866-07,USER-1866,2025-05,2025-07-30,778.7,Tier Upgrade
TXN-1866-08,USER-1866,2025-05,2025-08-29,599.0,Standard Renewal
TXN-1866-09,USER-1866,2025-05,2025-09-28,599.0,Standard Renewal
TXN-1866-10,USER-1866,2025-05,2025-10-28,599.0,Standard Renewal
TXN-1866-11,USER-1866,2025-05,2025-11-27,599.0,Standard Renewal
TXN-1867-06,USER-1867,2025-06,2025-06-30,299.0,Standard Renewal
TXN-1867-07,USER-1867,2025-06,2025-07-30,299.0,Standard Renewal
TXN-1867-08,USER-1867,2025-06,2025-08-29,299.0,Standard Renewal
TXN-1867-09,USER-1867,2025-06,2025-09-28,299.0,Standard Renewal
TXN-1867-10,USER-1867,2025-06,2025-10-28,299.0,Standard Renewal
TXN-1867-11,USER-1867,2025-06,2025-11-27,299.0,Standard Renewal
TXN-1868-10,USER-1868,2025-10,2025-10-28,1298.7,Tier Upgrade
TXN-1868-11,USER-1868,2025-10,2025-11-27,999.0,Standard Renewal
TXN-1869-08,USER-1869,2025-08,2025-08-29,999.0,Standard Renewal
TXN-1870-10,USER-1870,2025-10,2025-10-28,778.7,Tier Upgrade
TXN-1870-11,USER-1870,2025-10,2025-11-27,599.0,Standard Renewal
TXN-1871-06,USER-1871,2025-06,2025-06-30,999.0,Standard Renewal
TXN-1871-07,USER-1871,2025-06,2025-07-30,999.0,Standard Renewal
TXN-1871-08,USER-1871,2025-06,2025-08-29,699.3,Contraction
TXN-1871-09,USER-1871,2025-06,2025-09-28,999.0,Standard Renewal
TXN-1871-10,USER-1871,2025-06,2025-10-28,999.0,Standard Renewal
TXN-1871-11,USER-1871,2025-06,2025-11-27,999.0,Standard Renewal
TXN-1872-00,USER-1872,2025-01,2025-01-01,778.7,Tier Upgrade
TXN-1873-09,USER-1873,2025-09,2025-09-28,999.0,Standard Renewal
TXN-1874-11,USER-1874,2025-11,2025-11-27,999.0,Standard Renewal
TXN-1875-04,USER-1875,2025-05,2025-05-01,999.0,Standard Renewal
TXN-1875-05,USER-1875,2025-05,2025-05-31,999.0,Standard Renewal
TXN-1875-06,USER-1875,2025-05,2025-06-30,999.0,Standard Renewal
TXN-1875-07,USER-1875,2025-05,2025-07-30,699.3,Contraction
TXN-1875-08,USER-1875,2025-05,2025-08-29,999.0,Standard Renewal
TXN-1875-09,USER-1875,2025-05,2025-09-28,999.0,Standard Renewal
TXN-1875-10,USER-1875,2025-05,2025-10-28,999.0,Standard Renewal
TXN-1875-11,USER-1875,2025-05,2025-11-27,999.0,Standard Renewal
TXN-1876-02,USER-1876,2025-03,2025-03-02,299.0,Standard Renewal
TXN-1876-03,USER-1876,2025-03,2025-04-01,299.0,Standard Renewal
TXN-1876-04,USER-1876,2025-03,2025-05-01,299.0,Standard Renewal
TXN-1877-00,USER-1877,2025-01,2025-01-01,599.0,Standard Renewal
TXN-1877-01,USER-1877,2025-01,2025-01-31,419.3,Contraction
TXN-1877-02,USER-1877,2025-01,2025-03-02,599.0,Standard Renewal
TXN-1877-03,USER-1877,2025-01,2025-04-01,599.0,Standard Renewal
TXN-1877-04,USER-1877,2025-01,2025-05-01,599.0,Standard Renewal
TXN-1878-11,USER-1878,2025-11,2025-11-27,299.0,Standard Renewal
TXN-1879-00,USER-1879,2025-01,2025-01-01,388.7,Tier Upgrade
TXN-1879-01,USER-1879,2025-01,2025-01-31,388.7,Tier Upgrade
TXN-1879-02,USER-1879,2025-01,2025-03-02,299.0,Standard Renewal
TXN-1879-03,USER-1879,2025-01,2025-04-01,299.0,Standard Renewal
TXN-1879-04,USER-1879,2025-01,2025-05-01,299.0,Standard Renewal
TXN-1879-05,USER-1879,2025-01,2025-05-31,299.0,Standard Renewal
TXN-1880-06,USER-1880,2025-06,2025-06-30,999.0,Standard Renewal
TXN-1880-07,USER-1880,2025-06,2025-07-30,999.0,Standard Renewal
TXN-1880-08,USER-1880,2025-06,2025-08-29,999.0,Standard Renewal
TXN-1882-07,USER-1882,2025-07,2025-07-30,599.0,Standard Renewal
TXN-1882-08,USER-1882,2025-07,2025-08-29,599.0,Standard Renewal
TXN-1882-09,USER-1882,2025-07,2025-09-28,599.0,Standard Renewal
TXN-1883-03,USER-1883,2025-04,2025-04-01,299.0,Standard Renewal
TXN-1883-04,USER-1883,2025-04,2025-05-01,209.3,Contraction
TXN-1883-05,USER-1883,2025-04,2025-05-31,388.7,Tier Upgrade
TXN-1883-06,USER-1883,2025-04,2025-06-30,299.0,Standard Renewal
TXN-1883-07,USER-1883,2025-04,2025-07-30,299.0,Standard Renewal
TXN-1883-08,USER-1883,2025-04,2025-08-29,299.0,Standard Renewal
TXN-1883-09,USER-1883,2025-04,2025-09-28,299.0,Standard Renewal
TXN-1883-10,USER-1883,2025-04,2025-10-28,299.0,Standard Renewal
TXN-1884-07,USER-1884,2025-07,2025-07-30,299.0,Standard Renewal
TXN-1884-08,USER-1884,2025-07,2025-08-29,299.0,Standard Renewal
TXN-1884-09,USER-1884,2025-07,2025-09-28,299.0,Standard Renewal
TXN-1884-10,USER-1884,2025-07,2025-10-28,299.0,Standard Renewal
TXN-1885-00,USER-1885,2025-01,2025-01-01,999.0,Standard Renewal
TXN-1885-01,USER-1885,2025-01,2025-01-31,999.0,Standard Renewal
TXN-1885-02,USER-1885,2025-01,2025-03-02,999.0,Standard Renewal
TXN-1885-03,USER-1885,2025-01,2025-04-01,999.0,Standard Renewal
TXN-1885-04,USER-1885,2025-01,2025-05-01,999.0,Standard Renewal
TXN-1885-05,USER-1885,2025-01,2025-05-31,999.0,Standard Renewal
TXN-1885-06,USER-1885,2025-01,2025-06-30,999.0,Standard Renewal
TXN-1885-07,USER-1885,2025-01,2025-07-30,999.0,Standard Renewal
TXN-1885-08,USER-1885,2025-01,2025-08-29,999.0,Standard Renewal
TXN-1885-09,USER-1885,2025-01,2025-09-28,999.0,Standard Renewal
TXN-1886-08,USER-1886,2025-08,2025-08-29,209.3,Contraction
TXN-1886-09,USER-1886,2025-08,2025-09-28,299.0,Standard Renewal
TXN-1886-10,USER-1886,2025-08,2025-10-28,299.0,Standard Renewal
TXN-1886-11,USER-1886,2025-08,2025-11-27,299.0,Standard Renewal
TXN-1887-02,USER-1887,2025-03,2025-03-02,599.0,Standard Renewal
TXN-1887-03,USER-1887,2025-03,2025-04-01,599.0,Standard Renewal
TXN-1887-04,USER-1887,2025-03,2025-05-01,599.0,Standard Renewal
TXN-1887-05,USER-1887,2025-03,2025-05-31,419.3,Contraction
TXN-1887-06,USER-1887,2025-03,2025-06-30,778.7,Tier Upgrade
TXN-1887-07,USER-1887,2025-03,2025-07-30,599.0,Standard Renewal
TXN-1887-08,USER-1887,2025-03,2025-08-29,599.0,Standard Renewal
TXN-1887-09,USER-1887,2025-03,2025-09-28,599.0,Standard Renewal
TXN-1887-10,USER-1887,2025-03,2025-10-28,599.0,Standard Renewal
TXN-1888-06,USER-1888,2025-06,2025-06-30,599.0,Standard Renewal
TXN-1889-01,USER-1889,2025-01,2025-01-31,299.0,Standard Renewal
TXN-1889-02,USER-1889,2025-01,2025-03-02,299.0,Standard Renewal
TXN-1889-03,USER-1889,2025-01,2025-04-01,299.0,Standard Renewal
TXN-1889-04,USER-1889,2025-01,2025-05-01,388.7,Tier Upgrade
TXN-1890-01,USER-1890,2025-01,2025-01-31,299.0,Standard Renewal
TXN-1890-02,USER-1890,2025-01,2025-03-02,299.0,Standard Renewal
TXN-1890-03,USER-1890,2025-01,2025-04-01,299.0,Standard Renewal
TXN-1890-04,USER-1890,2025-01,2025-05-01,299.0,Standard Renewal
TXN-1890-05,USER-1890,2025-01,2025-05-31,299.0,Standard Renewal
TXN-1890-06,USER-1890,2025-01,2025-06-30,299.0,Standard Renewal
TXN-1890-07,USER-1890,2025-01,2025-07-30,299.0,Standard Renewal
TXN-1890-08,USER-1890,2025-01,2025-08-29,299.0,Standard Renewal
TXN-1890-09,USER-1890,2025-01,2025-09-28,299.0,Standard Renewal
TXN-1890-10,USER-1890,2025-01,2025-10-28,299.0,Standard Renewal
TXN-1890-11,USER-1890,2025-01,2025-11-27,299.0,Standard Renewal
TXN-1891-00,USER-1891,2025-01,2025-01-01,299.0,Standard Renewal
TXN-1891-01,USER-1891,2025-01,2025-01-31,299.0,Standard Renewal
TXN-1891-02,USER-1891,2025-01,2025-03-02,299.0,Standard Renewal
TXN-1891-03,USER-1891,2025-01,2025-04-01,299.0,Standard Renewal
TXN-1891-04,USER-1891,2025-01,2025-05-01,299.0,Standard Renewal
TXN-1891-05,USER-1891,2025-01,2025-05-31,299.0,Standard Renewal
TXN-1891-06,USER-1891,2025-01,2025-06-30,299.0,Standard Renewal
TXN-1891-07,USER-1891,2025-01,2025-07-30,299.0,Standard Renewal
TXN-1891-08,USER-1891,2025-01,2025-08-29,299.0,Standard Renewal
TXN-1891-09,USER-1891,2025-01,2025-09-28,299.0,Standard Renewal
TXN-1892-08,USER-1892,2025-08,2025-08-29,299.0,Standard Renewal
TXN-1892-09,USER-1892,2025-08,2025-09-28,299.0,Standard Renewal
TXN-1892-10,USER-1892,2025-08,2025-10-28,299.0,Standard Renewal
TXN-1892-11,USER-1892,2025-08,2025-11-27,299.0,Standard Renewal
TXN-1893-06,USER-1893,2025-06,2025-06-30,299.0,Standard Renewal
TXN-1893-07,USER-1893,2025-06,2025-07-30,299.0,Standard Renewal
TXN-1893-08,USER-1893,2025-06,2025-08-29,388.7,Tier Upgrade
TXN-1893-09,USER-1893,2025-06,2025-09-28,299.0,Standard Renewal
TXN-1893-10,USER-1893,2025-06,2025-10-28,299.0,Standard Renewal
TXN-1893-11,USER-1893,2025-06,2025-11-27,299.0,Standard Renewal
TXN-1894-11,USER-1894,2025-11,2025-11-27,599.0,Standard Renewal
TXN-1895-07,USER-1895,2025-07,2025-07-30,999.0,Standard Renewal
TXN-1895-08,USER-1895,2025-07,2025-08-29,999.0,Standard Renewal
TXN-1895-09,USER-1895,2025-07,2025-09-28,999.0,Standard Renewal
TXN-1895-10,USER-1895,2025-07,2025-10-28,999.0,Standard Renewal
TXN-1895-11,USER-1895,2025-07,2025-11-27,999.0,Standard Renewal
TXN-1896-00,USER-1896,2025-01,2025-01-01,299.0,Standard Renewal
TXN-1896-01,USER-1896,2025-01,2025-01-31,299.0,Standard Renewal
TXN-1896-02,USER-1896,2025-01,2025-03-02,299.0,Standard Renewal
TXN-1896-03,USER-1896,2025-01,2025-04-01,299.0,Standard Renewal
TXN-1896-04,USER-1896,2025-01,2025-05-01,299.0,Standard Renewal
TXN-1896-05,USER-1896,2025-01,2025-05-31,299.0,Standard Renewal
TXN-1896-06,USER-1896,2025-01,2025-06-30,299.0,Standard Renewal
TXN-1896-07,USER-1896,2025-01,2025-07-30,299.0,Standard Renewal
TXN-1896-08,USER-1896,2025-01,2025-08-29,299.0,Standard Renewal
TXN-1896-09,USER-1896,2025-01,2025-09-28,299.0,Standard Renewal
TXN-1896-10,USER-1896,2025-01,2025-10-28,299.0,Standard Renewal
TXN-1896-11,USER-1896,2025-01,2025-11-27,299.0,Standard Renewal
TXN-1897-07,USER-1897,2025-07,2025-07-30,299.0,Standard Renewal
TXN-1897-08,USER-1897,2025-07,2025-08-29,299.0,Standard Renewal
TXN-1897-09,USER-1897,2025-07,2025-09-28,299.0,Standard Renewal
TXN-1897-10,USER-1897,2025-07,2025-10-28,388.7,Tier Upgrade
TXN-1897-11,USER-1897,2025-07,2025-11-27,209.3,Contraction
TXN-1898-05,USER-1898,2025-05,2025-05-31,599.0,Standard Renewal
TXN-1898-06,USER-1898,2025-05,2025-06-30,599.0,Standard Renewal
TXN-1898-07,USER-1898,2025-05,2025-07-30,599.0,Standard Renewal
TXN-1898-08,USER-1898,2025-05,2025-08-29,778.7,Tier Upgrade
TXN-1898-09,USER-1898,2025-05,2025-09-28,599.0,Standard Renewal
TXN-1898-10,USER-1898,2025-05,2025-10-28,599.0,Standard Renewal
TXN-1898-11,USER-1898,2025-05,2025-11-27,599.0,Standard Renewal
TXN-1899-09,USER-1899,2025-09,2025-09-28,599.0,Standard Renewal
TXN-1899-10,USER-1899,2025-09,2025-10-28,778.7,Tier Upgrade
TXN-1899-11,USER-1899,2025-09,2025-11-27,599.0,Standard Renewal
TXN-1900-04,USER-1900,2025-05,2025-05-01,999.0,Standard Renewal
TXN-1901-09,USER-1901,2025-09,2025-09-28,999.0,Standard Renewal
TXN-1901-10,USER-1901,2025-09,2025-10-28,999.0,Standard Renewal
TXN-1901-11,USER-1901,2025-09,2025-11-27,999.0,Standard Renewal
TXN-1902-10,USER-1902,2025-10,2025-10-28,299.0,Standard Renewal
TXN-1902-11,USER-1902,2025-10,2025-11-27,299.0,Standard Renewal
TXN-1903-08,USER-1903,2025-08,2025-08-29,999.0,Standard Renewal
TXN-1903-09,USER-1903,2025-08,2025-09-28,999.0,Standard Renewal
TXN-1903-10,USER-1903,2025-08,2025-10-28,999.0,Standard Renewal
TXN-1903-11,USER-1903,2025-08,2025-11-27,999.0,Standard Renewal
TXN-1904-05,USER-1904,2025-05,2025-05-31,999.0,Standard Renewal
TXN-1904-06,USER-1904,2025-05,2025-06-30,999.0,Standard Renewal
TXN-1904-07,USER-1904,2025-05,2025-07-30,999.0,Standard Renewal
TXN-1904-08,USER-1904,2025-05,2025-08-29,999.0,Standard Renewal
TXN-1904-09,USER-1904,2025-05,2025-09-28,999.0,Standard Renewal
TXN-1904-10,USER-1904,2025-05,2025-10-28,999.0,Standard Renewal
TXN-1904-11,USER-1904,2025-05,2025-11-27,999.0,Standard Renewal
TXN-1905-07,USER-1905,2025-07,2025-07-30,999.0,Standard Renewal
TXN-1905-08,USER-1905,2025-07,2025-08-29,999.0,Standard Renewal
TXN-1905-09,USER-1905,2025-07,2025-09-28,1298.7,Tier Upgrade
TXN-1905-10,USER-1905,2025-07,2025-10-28,999.0,Standard Renewal
TXN-1905-11,USER-1905,2025-07,2025-11-27,999.0,Standard Renewal
TXN-1906-08,USER-1906,2025-08,2025-08-29,1298.7,Tier Upgrade
TXN-1906-09,USER-1906,2025-08,2025-09-28,999.0,Standard Renewal
TXN-1906-10,USER-1906,2025-08,2025-10-28,999.0,Standard Renewal
TXN-1906-11,USER-1906,2025-08,2025-11-27,999.0,Standard Renewal
TXN-1907-08,USER-1907,2025-08,2025-08-29,299.0,Standard Renewal
TXN-1907-09,USER-1907,2025-08,2025-09-28,299.0,Standard Renewal
TXN-1907-10,USER-1907,2025-08,2025-10-28,299.0,Standard Renewal
TXN-1907-11,USER-1907,2025-08,2025-11-27,299.0,Standard Renewal
TXN-1908-06,USER-1908,2025-06,2025-06-30,999.0,Standard Renewal
TXN-1908-07,USER-1908,2025-06,2025-07-30,999.0,Standard Renewal
TXN-1908-08,USER-1908,2025-06,2025-08-29,999.0,Standard Renewal
TXN-1908-09,USER-1908,2025-06,2025-09-28,999.0,Standard Renewal
TXN-1908-10,USER-1908,2025-06,2025-10-28,999.0,Standard Renewal
TXN-1908-11,USER-1908,2025-06,2025-11-27,999.0,Standard Renewal
TXN-1909-06,USER-1909,2025-06,2025-06-30,999.0,Standard Renewal
TXN-1909-07,USER-1909,2025-06,2025-07-30,999.0,Standard Renewal
TXN-1909-08,USER-1909,2025-06,2025-08-29,999.0,Standard Renewal
TXN-1910-00,USER-1910,2025-01,2025-01-01,299.0,Standard Renewal
TXN-1910-01,USER-1910,2025-01,2025-01-31,299.0,Standard Renewal
TXN-1910-02,USER-1910,2025-01,2025-03-02,299.0,Standard Renewal
TXN-1910-03,USER-1910,2025-01,2025-04-01,299.0,Standard Renewal
TXN-1910-04,USER-1910,2025-01,2025-05-01,299.0,Standard Renewal
TXN-1910-05,USER-1910,2025-01,2025-05-31,299.0,Standard Renewal
TXN-1910-06,USER-1910,2025-01,2025-06-30,299.0,Standard Renewal
TXN-1911-06,USER-1911,2025-06,2025-06-30,299.0,Standard Renewal
TXN-1911-07,USER-1911,2025-06,2025-07-30,299.0,Standard Renewal
TXN-1911-08,USER-1911,2025-06,2025-08-29,299.0,Standard Renewal
TXN-1911-09,USER-1911,2025-06,2025-09-28,299.0,Standard Renewal
TXN-1911-10,USER-1911,2025-06,2025-10-28,299.0,Standard Renewal
TXN-1911-11,USER-1911,2025-06,2025-11-27,299.0,Standard Renewal
TXN-1912-01,USER-1912,2025-01,2025-01-31,999.0,Standard Renewal
TXN-1913-04,USER-1913,2025-05,2025-05-01,599.0,Standard Renewal
TXN-1913-05,USER-1913,2025-05,2025-05-31,599.0,Standard Renewal
TXN-1914-01,USER-1914,2025-01,2025-01-31,299.0,Standard Renewal
TXN-1914-02,USER-1914,2025-01,2025-03-02,299.0,Standard Renewal
TXN-1914-03,USER-1914,2025-01,2025-04-01,299.0,Standard Renewal
TXN-1914-04,USER-1914,2025-01,2025-05-01,299.0,Standard Renewal
TXN-1914-05,USER-1914,2025-01,2025-05-31,299.0,Standard Renewal
TXN-1914-06,USER-1914,2025-01,2025-06-30,299.0,Standard Renewal
TXN-1914-07,USER-1914,2025-01,2025-07-30,299.0,Standard Renewal
TXN-1914-08,USER-1914,2025-01,2025-08-29,299.0,Standard Renewal
TXN-1914-09,USER-1914,2025-01,2025-09-28,299.0,Standard Renewal
TXN-1915-01,USER-1915,2025-01,2025-01-31,999.0,Standard Renewal
TXN-1915-02,USER-1915,2025-01,2025-03-02,999.0,Standard Renewal
TXN-1915-03,USER-1915,2025-01,2025-04-01,999.0,Standard Renewal
TXN-1915-04,USER-1915,2025-01,2025-05-01,999.0,Standard Renewal
TXN-1915-05,USER-1915,2025-01,2025-05-31,999.0,Standard Renewal
TXN-1915-06,USER-1915,2025-01,2025-06-30,999.0,Standard Renewal
TXN-1915-07,USER-1915,2025-01,2025-07-30,999.0,Standard Renewal
TXN-1915-08,USER-1915,2025-01,2025-08-29,999.0,Standard Renewal
TXN-1915-09,USER-1915,2025-01,2025-09-28,999.0,Standard Renewal
TXN-1915-10,USER-1915,2025-01,2025-10-28,999.0,Standard Renewal
TXN-1916-03,USER-1916,2025-04,2025-04-01,299.0,Standard Renewal
TXN-1916-04,USER-1916,2025-04,2025-05-01,299.0,Standard Renewal
TXN-1916-05,USER-1916,2025-04,2025-05-31,299.0,Standard Renewal
TXN-1916-06,USER-1916,2025-04,2025-06-30,299.0,Standard Renewal
TXN-1916-07,USER-1916,2025-04,2025-07-30,209.3,Contraction
TXN-1916-08,USER-1916,2025-04,2025-08-29,299.0,Standard Renewal
TXN-1916-09,USER-1916,2025-04,2025-09-28,299.0,Standard Renewal
TXN-1916-10,USER-1916,2025-04,2025-10-28,299.0,Standard Renewal
TXN-1916-11,USER-1916,2025-04,2025-11-27,299.0,Standard Renewal
TXN-1917-01,USER-1917,2025-01,2025-01-31,1298.7,Tier Upgrade
TXN-1918-06,USER-1918,2025-06,2025-06-30,388.7,Tier Upgrade
TXN-1918-07,USER-1918,2025-06,2025-07-30,299.0,Standard Renewal
TXN-1918-08,USER-1918,2025-06,2025-08-29,299.0,Standard Renewal
TXN-1918-09,USER-1918,2025-06,2025-09-28,388.7,Tier Upgrade
TXN-1918-10,USER-1918,2025-06,2025-10-28,209.3,Contraction
TXN-1919-07,USER-1919,2025-07,2025-07-30,999.0,Standard Renewal
TXN-1919-08,USER-1919,2025-07,2025-08-29,999.0,Standard Renewal
TXN-1919-09,USER-1919,2025-07,2025-09-28,999.0,Standard Renewal
TXN-1919-10,USER-1919,2025-07,2025-10-28,999.0,Standard Renewal
TXN-1919-11,USER-1919,2025-07,2025-11-27,999.0,Standard Renewal
TXN-1920-08,USER-1920,2025-08,2025-08-29,299.0,Standard Renewal
TXN-1920-09,USER-1920,2025-08,2025-09-28,299.0,Standard Renewal
TXN-1920-10,USER-1920,2025-08,2025-10-28,299.0,Standard Renewal
TXN-1920-11,USER-1920,2025-08,2025-11-27,299.0,Standard Renewal
TXN-1921-05,USER-1921,2025-05,2025-05-31,388.7,Tier Upgrade
TXN-1921-06,USER-1921,2025-05,2025-06-30,299.0,Standard Renewal
TXN-1921-07,USER-1921,2025-05,2025-07-30,299.0,Standard Renewal
TXN-1921-08,USER-1921,2025-05,2025-08-29,299.0,Standard Renewal
TXN-1921-09,USER-1921,2025-05,2025-09-28,299.0,Standard Renewal
TXN-1921-10,USER-1921,2025-05,2025-10-28,299.0,Standard Renewal
TXN-1921-11,USER-1921,2025-05,2025-11-27,299.0,Standard Renewal
TXN-1922-00,USER-1922,2025-01,2025-01-01,299.0,Standard Renewal
TXN-1922-01,USER-1922,2025-01,2025-01-31,299.0,Standard Renewal
TXN-1923-05,USER-1923,2025-05,2025-05-31,999.0,Standard Renewal
TXN-1923-06,USER-1923,2025-05,2025-06-30,999.0,Standard Renewal
TXN-1923-07,USER-1923,2025-05,2025-07-30,999.0,Standard Renewal
TXN-1923-08,USER-1923,2025-05,2025-08-29,999.0,Standard Renewal
TXN-1923-09,USER-1923,2025-05,2025-09-28,999.0,Standard Renewal
TXN-1924-06,USER-1924,2025-06,2025-06-30,599.0,Standard Renewal
TXN-1924-07,USER-1924,2025-06,2025-07-30,599.0,Standard Renewal
TXN-1924-08,USER-1924,2025-06,2025-08-29,778.7,Tier Upgrade
TXN-1925-01,USER-1925,2025-01,2025-01-31,599.0,Standard Renewal
TXN-1925-02,USER-1925,2025-01,2025-03-02,419.3,Contraction
TXN-1925-03,USER-1925,2025-01,2025-04-01,599.0,Standard Renewal
TXN-1925-04,USER-1925,2025-01,2025-05-01,419.3,Contraction
TXN-1926-00,USER-1926,2025-01,2025-01-01,999.0,Standard Renewal
TXN-1926-01,USER-1926,2025-01,2025-01-31,999.0,Standard Renewal
TXN-1926-02,USER-1926,2025-01,2025-03-02,999.0,Standard Renewal
TXN-1926-03,USER-1926,2025-01,2025-04-01,999.0,Standard Renewal
TXN-1926-04,USER-1926,2025-01,2025-05-01,999.0,Standard Renewal
TXN-1926-05,USER-1926,2025-01,2025-05-31,999.0,Standard Renewal
TXN-1926-06,USER-1926,2025-01,2025-06-30,999.0,Standard Renewal
TXN-1926-07,USER-1926,2025-01,2025-07-30,1298.7,Tier Upgrade
TXN-1926-08,USER-1926,2025-01,2025-08-29,999.0,Standard Renewal
TXN-1926-09,USER-1926,2025-01,2025-09-28,999.0,Standard Renewal
TXN-1926-10,USER-1926,2025-01,2025-10-28,999.0,Standard Renewal
TXN-1926-11,USER-1926,2025-01,2025-11-27,999.0,Standard Renewal
TXN-1927-00,USER-1927,2025-01,2025-01-01,999.0,Standard Renewal
TXN-1927-01,USER-1927,2025-01,2025-01-31,999.0,Standard Renewal
TXN-1927-02,USER-1927,2025-01,2025-03-02,999.0,Standard Renewal
TXN-1927-03,USER-1927,2025-01,2025-04-01,999.0,Standard Renewal
TXN-1927-04,USER-1927,2025-01,2025-05-01,999.0,Standard Renewal
TXN-1927-05,USER-1927,2025-01,2025-05-31,999.0,Standard Renewal
TXN-1927-06,USER-1927,2025-01,2025-06-30,999.0,Standard Renewal
TXN-1927-07,USER-1927,2025-01,2025-07-30,999.0,Standard Renewal
TXN-1927-08,USER-1927,2025-01,2025-08-29,999.0,Standard Renewal
TXN-1928-05,USER-1928,2025-05,2025-05-31,599.0,Standard Renewal
TXN-1928-06,USER-1928,2025-05,2025-06-30,599.0,Standard Renewal
TXN-1928-07,USER-1928,2025-05,2025-07-30,599.0,Standard Renewal
TXN-1928-08,USER-1928,2025-05,2025-08-29,599.0,Standard Renewal
TXN-1929-04,USER-1929,2025-05,2025-05-01,299.0,Standard Renewal
TXN-1929-05,USER-1929,2025-05,2025-05-31,299.0,Standard Renewal
TXN-1929-06,USER-1929,2025-05,2025-06-30,299.0,Standard Renewal
TXN-1929-07,USER-1929,2025-05,2025-07-30,299.0,Standard Renewal
TXN-1929-08,USER-1929,2025-05,2025-08-29,299.0,Standard Renewal
TXN-1929-09,USER-1929,2025-05,2025-09-28,299.0,Standard Renewal
TXN-1930-03,USER-1930,2025-04,2025-04-01,299.0,Standard Renewal
TXN-1930-04,USER-1930,2025-04,2025-05-01,299.0,Standard Renewal
TXN-1930-05,USER-1930,2025-04,2025-05-31,299.0,Standard Renewal
TXN-1930-06,USER-1930,2025-04,2025-06-30,299.0,Standard Renewal
TXN-1930-07,USER-1930,2025-04,2025-07-30,299.0,Standard Renewal
TXN-1930-08,USER-1930,2025-04,2025-08-29,299.0,Standard Renewal
TXN-1930-09,USER-1930,2025-04,2025-09-28,299.0,Standard Renewal
TXN-1930-10,USER-1930,2025-04,2025-10-28,299.0,Standard Renewal
TXN-1930-11,USER-1930,2025-04,2025-11-27,299.0,Standard Renewal
TXN-1931-11,USER-1931,2025-11,2025-11-27,599.0,Standard Renewal
TXN-1932-10,USER-1932,2025-10,2025-10-28,599.0,Standard Renewal
TXN-1932-11,USER-1932,2025-10,2025-11-27,599.0,Standard Renewal
TXN-1933-02,USER-1933,2025-03,2025-03-02,599.0,Standard Renewal
TXN-1933-03,USER-1933,2025-03,2025-04-01,599.0,Standard Renewal
TXN-1933-04,USER-1933,2025-03,2025-05-01,599.0,Standard Renewal
TXN-1933-05,USER-1933,2025-03,2025-05-31,599.0,Standard Renewal
TXN-1933-06,USER-1933,2025-03,2025-06-30,599.0,Standard Renewal
TXN-1934-02,USER-1934,2025-03,2025-03-02,599.0,Standard Renewal
TXN-1934-03,USER-1934,2025-03,2025-04-01,599.0,Standard Renewal
TXN-1934-04,USER-1934,2025-03,2025-05-01,778.7,Tier Upgrade
TXN-1934-05,USER-1934,2025-03,2025-05-31,599.0,Standard Renewal
TXN-1934-06,USER-1934,2025-03,2025-06-30,599.0,Standard Renewal
TXN-1934-07,USER-1934,2025-03,2025-07-30,599.0,Standard Renewal
TXN-1934-08,USER-1934,2025-03,2025-08-29,599.0,Standard Renewal
TXN-1934-09,USER-1934,2025-03,2025-09-28,419.3,Contraction
TXN-1934-10,USER-1934,2025-03,2025-10-28,599.0,Standard Renewal
TXN-1934-11,USER-1934,2025-03,2025-11-27,599.0,Standard Renewal
TXN-1935-05,USER-1935,2025-05,2025-05-31,1298.7,Tier Upgrade
TXN-1935-06,USER-1935,2025-05,2025-06-30,999.0,Standard Renewal
TXN-1935-07,USER-1935,2025-05,2025-07-30,999.0,Standard Renewal
TXN-1935-08,USER-1935,2025-05,2025-08-29,999.0,Standard Renewal
TXN-1936-05,USER-1936,2025-05,2025-05-31,999.0,Standard Renewal
TXN-1936-06,USER-1936,2025-05,2025-06-30,999.0,Standard Renewal
TXN-1936-07,USER-1936,2025-05,2025-07-30,999.0,Standard Renewal
TXN-1936-08,USER-1936,2025-05,2025-08-29,999.0,Standard Renewal
TXN-1936-09,USER-1936,2025-05,2025-09-28,999.0,Standard Renewal
TXN-1936-10,USER-1936,2025-05,2025-10-28,999.0,Standard Renewal
TXN-1936-11,USER-1936,2025-05,2025-11-27,1298.7,Tier Upgrade
TXN-1937-01,USER-1937,2025-01,2025-01-31,599.0,Standard Renewal
TXN-1937-02,USER-1937,2025-01,2025-03-02,778.7,Tier Upgrade
TXN-1938-01,USER-1938,2025-01,2025-01-31,299.0,Standard Renewal
TXN-1938-02,USER-1938,2025-01,2025-03-02,299.0,Standard Renewal
TXN-1938-03,USER-1938,2025-01,2025-04-01,299.0,Standard Renewal
TXN-1938-04,USER-1938,2025-01,2025-05-01,299.0,Standard Renewal
TXN-1938-05,USER-1938,2025-01,2025-05-31,299.0,Standard Renewal
TXN-1938-06,USER-1938,2025-01,2025-06-30,299.0,Standard Renewal
TXN-1938-07,USER-1938,2025-01,2025-07-30,299.0,Standard Renewal
TXN-1938-08,USER-1938,2025-01,2025-08-29,299.0,Standard Renewal
TXN-1938-09,USER-1938,2025-01,2025-09-28,299.0,Standard Renewal
TXN-1938-10,USER-1938,2025-01,2025-10-28,299.0,Standard Renewal
TXN-1938-11,USER-1938,2025-01,2025-11-27,299.0,Standard Renewal
TXN-1939-03,USER-1939,2025-04,2025-04-01,388.7,Tier Upgrade
TXN-1939-04,USER-1939,2025-04,2025-05-01,299.0,Standard Renewal
TXN-1939-05,USER-1939,2025-04,2025-05-31,299.0,Standard Renewal
TXN-1939-06,USER-1939,2025-04,2025-06-30,299.0,Standard Renewal
TXN-1939-07,USER-1939,2025-04,2025-07-30,299.0,Standard Renewal
TXN-1940-11,USER-1940,2025-11,2025-11-27,778.7,Tier Upgrade
TXN-1941-01,USER-1941,2025-01,2025-01-31,999.0,Standard Renewal
TXN-1941-02,USER-1941,2025-01,2025-03-02,999.0,Standard Renewal
TXN-1941-03,USER-1941,2025-01,2025-04-01,999.0,Standard Renewal
TXN-1941-04,USER-1941,2025-01,2025-05-01,999.0,Standard Renewal
TXN-1941-05,USER-1941,2025-01,2025-05-31,999.0,Standard Renewal
TXN-1941-06,USER-1941,2025-01,2025-06-30,999.0,Standard Renewal
TXN-1941-07,USER-1941,2025-01,2025-07-30,999.0,Standard Renewal
TXN-1942-09,USER-1942,2025-09,2025-09-28,299.0,Standard Renewal
TXN-1942-10,USER-1942,2025-09,2025-10-28,299.0,Standard Renewal
TXN-1943-02,USER-1943,2025-03,2025-03-02,599.0,Standard Renewal
TXN-1943-03,USER-1943,2025-03,2025-04-01,599.0,Standard Renewal
TXN-1943-04,USER-1943,2025-03,2025-05-01,599.0,Standard Renewal
TXN-1943-05,USER-1943,2025-03,2025-05-31,599.0,Standard Renewal
TXN-1943-06,USER-1943,2025-03,2025-06-30,599.0,Standard Renewal
TXN-1943-07,USER-1943,2025-03,2025-07-30,599.0,Standard Renewal
TXN-1943-08,USER-1943,2025-03,2025-08-29,599.0,Standard Renewal
TXN-1943-09,USER-1943,2025-03,2025-09-28,599.0,Standard Renewal
TXN-1943-10,USER-1943,2025-03,2025-10-28,599.0,Standard Renewal
TXN-1943-11,USER-1943,2025-03,2025-11-27,599.0,Standard Renewal
TXN-1944-09,USER-1944,2025-09,2025-09-28,599.0,Standard Renewal
TXN-1944-10,USER-1944,2025-09,2025-10-28,599.0,Standard Renewal
TXN-1944-11,USER-1944,2025-09,2025-11-27,778.7,Tier Upgrade
TXN-1945-03,USER-1945,2025-04,2025-04-01,599.0,Standard Renewal
TXN-1945-04,USER-1945,2025-04,2025-05-01,599.0,Standard Renewal
TXN-1945-05,USER-1945,2025-04,2025-05-31,599.0,Standard Renewal
TXN-1946-10,USER-1946,2025-10,2025-10-28,599.0,Standard Renewal
TXN-1946-11,USER-1946,2025-10,2025-11-27,599.0,Standard Renewal
TXN-1947-03,USER-1947,2025-04,2025-04-01,388.7,Tier Upgrade
TXN-1947-04,USER-1947,2025-04,2025-05-01,299.0,Standard Renewal
TXN-1947-05,USER-1947,2025-04,2025-05-31,299.0,Standard Renewal
TXN-1948-09,USER-1948,2025-09,2025-09-28,1298.7,Tier Upgrade
TXN-1948-10,USER-1948,2025-09,2025-10-28,999.0,Standard Renewal
TXN-1948-11,USER-1948,2025-09,2025-11-27,999.0,Standard Renewal
TXN-1949-03,USER-1949,2025-04,2025-04-01,599.0,Standard Renewal
TXN-1949-04,USER-1949,2025-04,2025-05-01,778.7,Tier Upgrade
TXN-1949-05,USER-1949,2025-04,2025-05-31,778.7,Tier Upgrade
TXN-1949-06,USER-1949,2025-04,2025-06-30,778.7,Tier Upgrade
TXN-1949-07,USER-1949,2025-04,2025-07-30,599.0,Standard Renewal
TXN-1949-08,USER-1949,2025-04,2025-08-29,599.0,Standard Renewal
TXN-1949-09,USER-1949,2025-04,2025-09-28,599.0,Standard Renewal
TXN-1951-00,USER-1951,2025-01,2025-01-01,999.0,Standard Renewal
TXN-1951-01,USER-1951,2025-01,2025-01-31,999.0,Standard Renewal
TXN-1951-02,USER-1951,2025-01,2025-03-02,999.0,Standard Renewal
TXN-1951-03,USER-1951,2025-01,2025-04-01,1298.7,Tier Upgrade
TXN-1951-04,USER-1951,2025-01,2025-05-01,999.0,Standard Renewal
TXN-1951-05,USER-1951,2025-01,2025-05-31,1298.7,Tier Upgrade
TXN-1951-06,USER-1951,2025-01,2025-06-30,999.0,Standard Renewal
TXN-1951-07,USER-1951,2025-01,2025-07-30,999.0,Standard Renewal
TXN-1951-08,USER-1951,2025-01,2025-08-29,999.0,Standard Renewal
TXN-1951-09,USER-1951,2025-01,2025-09-28,999.0,Standard Renewal
TXN-1951-10,USER-1951,2025-01,2025-10-28,999.0,Standard Renewal
TXN-1951-11,USER-1951,2025-01,2025-11-27,999.0,Standard Renewal
TXN-1952-00,USER-1952,2025-01,2025-01-01,999.0,Standard Renewal
TXN-1952-01,USER-1952,2025-01,2025-01-31,999.0,Standard Renewal
TXN-1952-02,USER-1952,2025-01,2025-03-02,999.0,Standard Renewal
TXN-1952-03,USER-1952,2025-01,2025-04-01,999.0,Standard Renewal
TXN-1953-06,USER-1953,2025-06,2025-06-30,599.0,Standard Renewal
TXN-1953-07,USER-1953,2025-06,2025-07-30,778.7,Tier Upgrade
TXN-1953-08,USER-1953,2025-06,2025-08-29,599.0,Standard Renewal
TXN-1954-02,USER-1954,2025-03,2025-03-02,299.0,Standard Renewal
TXN-1954-03,USER-1954,2025-03,2025-04-01,299.0,Standard Renewal
TXN-1954-04,USER-1954,2025-03,2025-05-01,299.0,Standard Renewal
TXN-1954-05,USER-1954,2025-03,2025-05-31,299.0,Standard Renewal
TXN-1954-06,USER-1954,2025-03,2025-06-30,299.0,Standard Renewal
TXN-1954-07,USER-1954,2025-03,2025-07-30,299.0,Standard Renewal
TXN-1954-08,USER-1954,2025-03,2025-08-29,299.0,Standard Renewal
TXN-1954-09,USER-1954,2025-03,2025-09-28,299.0,Standard Renewal
TXN-1954-10,USER-1954,2025-03,2025-10-28,388.7,Tier Upgrade
TXN-1954-11,USER-1954,2025-03,2025-11-27,209.3,Contraction
TXN-1955-02,USER-1955,2025-03,2025-03-02,999.0,Standard Renewal
TXN-1955-03,USER-1955,2025-03,2025-04-01,1298.7,Tier Upgrade
TXN-1955-04,USER-1955,2025-03,2025-05-01,999.0,Standard Renewal
TXN-1955-05,USER-1955,2025-03,2025-05-31,699.3,Contraction
TXN-1955-06,USER-1955,2025-03,2025-06-30,999.0,Standard Renewal
TXN-1955-07,USER-1955,2025-03,2025-07-30,999.0,Standard Renewal
TXN-1955-08,USER-1955,2025-03,2025-08-29,999.0,Standard Renewal
TXN-1956-07,USER-1956,2025-07,2025-07-30,299.0,Standard Renewal
TXN-1956-08,USER-1956,2025-07,2025-08-29,299.0,Standard Renewal
TXN-1956-09,USER-1956,2025-07,2025-09-28,299.0,Standard Renewal
TXN-1957-04,USER-1957,2025-05,2025-05-01,599.0,Standard Renewal
TXN-1957-05,USER-1957,2025-05,2025-05-31,599.0,Standard Renewal
TXN-1957-06,USER-1957,2025-05,2025-06-30,778.7,Tier Upgrade
TXN-1957-07,USER-1957,2025-05,2025-07-30,599.0,Standard Renewal
TXN-1957-08,USER-1957,2025-05,2025-08-29,599.0,Standard Renewal
TXN-1957-09,USER-1957,2025-05,2025-09-28,599.0,Standard Renewal
TXN-1957-10,USER-1957,2025-05,2025-10-28,599.0,Standard Renewal
TXN-1958-04,USER-1958,2025-05,2025-05-01,999.0,Standard Renewal
TXN-1958-05,USER-1958,2025-05,2025-05-31,999.0,Standard Renewal
TXN-1959-03,USER-1959,2025-04,2025-04-01,999.0,Standard Renewal
TXN-1959-04,USER-1959,2025-04,2025-05-01,1298.7,Tier Upgrade
TXN-1959-05,USER-1959,2025-04,2025-05-31,999.0,Standard Renewal
TXN-1959-06,USER-1959,2025-04,2025-06-30,999.0,Standard Renewal
TXN-1959-07,USER-1959,2025-04,2025-07-30,999.0,Standard Renewal
TXN-1959-08,USER-1959,2025-04,2025-08-29,999.0,Standard Renewal
TXN-1959-09,USER-1959,2025-04,2025-09-28,999.0,Standard Renewal
TXN-1959-10,USER-1959,2025-04,2025-10-28,999.0,Standard Renewal
TXN-1960-00,USER-1960,2025-01,2025-01-01,1298.7,Tier Upgrade
TXN-1960-01,USER-1960,2025-01,2025-01-31,999.0,Standard Renewal
TXN-1960-02,USER-1960,2025-01,2025-03-02,999.0,Standard Renewal
TXN-1961-02,USER-1961,2025-03,2025-03-02,999.0,Standard Renewal
TXN-1961-03,USER-1961,2025-03,2025-04-01,1298.7,Tier Upgrade
TXN-1962-09,USER-1962,2025-09,2025-09-28,599.0,Standard Renewal
TXN-1962-10,USER-1962,2025-09,2025-10-28,599.0,Standard Renewal
TXN-1962-11,USER-1962,2025-09,2025-11-27,599.0,Standard Renewal
TXN-1963-03,USER-1963,2025-04,2025-04-01,388.7,Tier Upgrade
TXN-1963-04,USER-1963,2025-04,2025-05-01,299.0,Standard Renewal
TXN-1963-05,USER-1963,2025-04,2025-05-31,299.0,Standard Renewal
TXN-1963-06,USER-1963,2025-04,2025-06-30,299.0,Standard Renewal
TXN-1963-07,USER-1963,2025-04,2025-07-30,299.0,Standard Renewal
TXN-1964-05,USER-1964,2025-05,2025-05-31,299.0,Standard Renewal
TXN-1964-06,USER-1964,2025-05,2025-06-30,299.0,Standard Renewal
TXN-1964-07,USER-1964,2025-05,2025-07-30,299.0,Standard Renewal
TXN-1964-08,USER-1964,2025-05,2025-08-29,388.7,Tier Upgrade
TXN-1964-09,USER-1964,2025-05,2025-09-28,299.0,Standard Renewal
TXN-1964-10,USER-1964,2025-05,2025-10-28,299.0,Standard Renewal
TXN-1964-11,USER-1964,2025-05,2025-11-27,299.0,Standard Renewal
TXN-1966-06,USER-1966,2025-06,2025-06-30,999.0,Standard Renewal
TXN-1966-07,USER-1966,2025-06,2025-07-30,999.0,Standard Renewal
TXN-1967-04,USER-1967,2025-05,2025-05-01,999.0,Standard Renewal
TXN-1968-04,USER-1968,2025-05,2025-05-01,299.0,Standard Renewal
TXN-1968-05,USER-1968,2025-05,2025-05-31,299.0,Standard Renewal
TXN-1968-06,USER-1968,2025-05,2025-06-30,299.0,Standard Renewal
TXN-1968-07,USER-1968,2025-05,2025-07-30,299.0,Standard Renewal
TXN-1968-08,USER-1968,2025-05,2025-08-29,299.0,Standard Renewal
TXN-1968-09,USER-1968,2025-05,2025-09-28,299.0,Standard Renewal
TXN-1968-10,USER-1968,2025-05,2025-10-28,209.3,Contraction
TXN-1968-11,USER-1968,2025-05,2025-11-27,299.0,Standard Renewal
TXN-1969-04,USER-1969,2025-05,2025-05-01,599.0,Standard Renewal
TXN-1969-05,USER-1969,2025-05,2025-05-31,599.0,Standard Renewal
TXN-1969-06,USER-1969,2025-05,2025-06-30,599.0,Standard Renewal
TXN-1969-07,USER-1969,2025-05,2025-07-30,778.7,Tier Upgrade
TXN-1969-08,USER-1969,2025-05,2025-08-29,599.0,Standard Renewal
TXN-1970-11,USER-1970,2025-11,2025-11-27,999.0,Standard Renewal
TXN-1971-06,USER-1971,2025-06,2025-06-30,999.0,Standard Renewal
TXN-1971-07,USER-1971,2025-06,2025-07-30,999.0,Standard Renewal
TXN-1971-08,USER-1971,2025-06,2025-08-29,699.3,Contraction
TXN-1971-09,USER-1971,2025-06,2025-09-28,999.0,Standard Renewal
TXN-1971-10,USER-1971,2025-06,2025-10-28,999.0,Standard Renewal
TXN-1971-11,USER-1971,2025-06,2025-11-27,999.0,Standard Renewal
TXN-1972-05,USER-1972,2025-05,2025-05-31,299.0,Standard Renewal
TXN-1972-06,USER-1972,2025-05,2025-06-30,209.3,Contraction
TXN-1972-07,USER-1972,2025-05,2025-07-30,299.0,Standard Renewal
TXN-1972-08,USER-1972,2025-05,2025-08-29,299.0,Standard Renewal
TXN-1972-09,USER-1972,2025-05,2025-09-28,299.0,Standard Renewal
TXN-1972-10,USER-1972,2025-05,2025-10-28,299.0,Standard Renewal
TXN-1973-03,USER-1973,2025-04,2025-04-01,299.0,Standard Renewal
TXN-1974-07,USER-1974,2025-07,2025-07-30,999.0,Standard Renewal
TXN-1974-08,USER-1974,2025-07,2025-08-29,999.0,Standard Renewal
TXN-1974-09,USER-1974,2025-07,2025-09-28,999.0,Standard Renewal
TXN-1974-10,USER-1974,2025-07,2025-10-28,999.0,Standard Renewal
TXN-1974-11,USER-1974,2025-07,2025-11-27,699.3,Contraction
TXN-1975-04,USER-1975,2025-05,2025-05-01,299.0,Standard Renewal
TXN-1975-05,USER-1975,2025-05,2025-05-31,299.0,Standard Renewal
TXN-1976-02,USER-1976,2025-03,2025-03-02,299.0,Standard Renewal
TXN-1976-03,USER-1976,2025-03,2025-04-01,299.0,Standard Renewal
TXN-1976-04,USER-1976,2025-03,2025-05-01,299.0,Standard Renewal
TXN-1976-05,USER-1976,2025-03,2025-05-31,299.0,Standard Renewal
TXN-1976-06,USER-1976,2025-03,2025-06-30,299.0,Standard Renewal
TXN-1976-07,USER-1976,2025-03,2025-07-30,299.0,Standard Renewal
TXN-1976-08,USER-1976,2025-03,2025-08-29,388.7,Tier Upgrade
TXN-1976-09,USER-1976,2025-03,2025-09-28,299.0,Standard Renewal
TXN-1976-10,USER-1976,2025-03,2025-10-28,299.0,Standard Renewal
TXN-1976-11,USER-1976,2025-03,2025-11-27,209.3,Contraction
TXN-1977-02,USER-1977,2025-03,2025-03-02,999.0,Standard Renewal
TXN-1977-03,USER-1977,2025-03,2025-04-01,999.0,Standard Renewal
TXN-1977-04,USER-1977,2025-03,2025-05-01,999.0,Standard Renewal
TXN-1977-05,USER-1977,2025-03,2025-05-31,999.0,Standard Renewal
TXN-1977-06,USER-1977,2025-03,2025-06-30,999.0,Standard Renewal
TXN-1977-07,USER-1977,2025-03,2025-07-30,999.0,Standard Renewal
TXN-1977-08,USER-1977,2025-03,2025-08-29,999.0,Standard Renewal
TXN-1977-09,USER-1977,2025-03,2025-09-28,1298.7,Tier Upgrade
TXN-1978-09,USER-1978,2025-09,2025-09-28,299.0,Standard Renewal
TXN-1978-10,USER-1978,2025-09,2025-10-28,299.0,Standard Renewal
TXN-1978-11,USER-1978,2025-09,2025-11-27,299.0,Standard Renewal
TXN-1979-01,USER-1979,2025-01,2025-01-31,999.0,Standard Renewal
TXN-1979-02,USER-1979,2025-01,2025-03-02,999.0,Standard Renewal
TXN-1980-03,USER-1980,2025-04,2025-04-01,419.3,Contraction
TXN-1980-04,USER-1980,2025-04,2025-05-01,599.0,Standard Renewal
TXN-1980-05,USER-1980,2025-04,2025-05-31,599.0,Standard Renewal
TXN-1980-06,USER-1980,2025-04,2025-06-30,599.0,Standard Renewal
TXN-1980-07,USER-1980,2025-04,2025-07-30,599.0,Standard Renewal
TXN-1980-08,USER-1980,2025-04,2025-08-29,599.0,Standard Renewal
TXN-1980-09,USER-1980,2025-04,2025-09-28,599.0,Standard Renewal
TXN-1980-10,USER-1980,2025-04,2025-10-28,599.0,Standard Renewal
TXN-1980-11,USER-1980,2025-04,2025-11-27,599.0,Standard Renewal
TXN-1981-08,USER-1981,2025-08,2025-08-29,999.0,Standard Renewal
TXN-1981-09,USER-1981,2025-08,2025-09-28,999.0,Standard Renewal
TXN-1981-10,USER-1981,2025-08,2025-10-28,999.0,Standard Renewal
TXN-1981-11,USER-1981,2025-08,2025-11-27,999.0,Standard Renewal
TXN-1982-02,USER-1982,2025-03,2025-03-02,599.0,Standard Renewal
TXN-1982-03,USER-1982,2025-03,2025-04-01,599.0,Standard Renewal
TXN-1982-04,USER-1982,2025-03,2025-05-01,599.0,Standard Renewal
TXN-1982-05,USER-1982,2025-03,2025-05-31,599.0,Standard Renewal
TXN-1982-06,USER-1982,2025-03,2025-06-30,599.0,Standard Renewal
TXN-1982-07,USER-1982,2025-03,2025-07-30,599.0,Standard Renewal
TXN-1982-08,USER-1982,2025-03,2025-08-29,599.0,Standard Renewal
TXN-1982-09,USER-1982,2025-03,2025-09-28,599.0,Standard Renewal
TXN-1982-10,USER-1982,2025-03,2025-10-28,599.0,Standard Renewal
TXN-1982-11,USER-1982,2025-03,2025-11-27,599.0,Standard Renewal
TXN-1983-10,USER-1983,2025-10,2025-10-28,599.0,Standard Renewal
TXN-1983-11,USER-1983,2025-10,2025-11-27,599.0,Standard Renewal
TXN-1984-06,USER-1984,2025-06,2025-06-30,299.0,Standard Renewal
TXN-1984-07,USER-1984,2025-06,2025-07-30,299.0,Standard Renewal
TXN-1984-08,USER-1984,2025-06,2025-08-29,299.0,Standard Renewal
TXN-1984-09,USER-1984,2025-06,2025-09-28,299.0,Standard Renewal
TXN-1984-10,USER-1984,2025-06,2025-10-28,299.0,Standard Renewal
TXN-1984-11,USER-1984,2025-06,2025-11-27,299.0,Standard Renewal
TXN-1985-06,USER-1985,2025-06,2025-06-30,388.7,Tier Upgrade
TXN-1985-07,USER-1985,2025-06,2025-07-30,299.0,Standard Renewal
TXN-1985-08,USER-1985,2025-06,2025-08-29,299.0,Standard Renewal
TXN-1985-09,USER-1985,2025-06,2025-09-28,299.0,Standard Renewal
TXN-1985-10,USER-1985,2025-06,2025-10-28,299.0,Standard Renewal
TXN-1985-11,USER-1985,2025-06,2025-11-27,299.0,Standard Renewal
TXN-1986-07,USER-1986,2025-07,2025-07-30,299.0,Standard Renewal
TXN-1986-08,USER-1986,2025-07,2025-08-29,299.0,Standard Renewal
TXN-1986-09,USER-1986,2025-07,2025-09-28,299.0,Standard Renewal
TXN-1986-10,USER-1986,2025-07,2025-10-28,299.0,Standard Renewal
TXN-1986-11,USER-1986,2025-07,2025-11-27,299.0,Standard Renewal
TXN-1987-03,USER-1987,2025-04,2025-04-01,388.7,Tier Upgrade
TXN-1987-04,USER-1987,2025-04,2025-05-01,299.0,Standard Renewal
TXN-1987-05,USER-1987,2025-04,2025-05-31,388.7,Tier Upgrade
TXN-1987-06,USER-1987,2025-04,2025-06-30,299.0,Standard Renewal
TXN-1987-07,USER-1987,2025-04,2025-07-30,299.0,Standard Renewal
TXN-1987-08,USER-1987,2025-04,2025-08-29,299.0,Standard Renewal
TXN-1987-09,USER-1987,2025-04,2025-09-28,299.0,Standard Renewal
TXN-1987-10,USER-1987,2025-04,2025-10-28,299.0,Standard Renewal
TXN-1987-11,USER-1987,2025-04,2025-11-27,299.0,Standard Renewal
TXN-1989-01,USER-1989,2025-01,2025-01-31,599.0,Standard Renewal
TXN-1989-02,USER-1989,2025-01,2025-03-02,599.0,Standard Renewal
TXN-1989-03,USER-1989,2025-01,2025-04-01,778.7,Tier Upgrade
TXN-1989-04,USER-1989,2025-01,2025-05-01,599.0,Standard Renewal
TXN-1989-05,USER-1989,2025-01,2025-05-31,599.0,Standard Renewal
TXN-1989-06,USER-1989,2025-01,2025-06-30,599.0,Standard Renewal
TXN-1989-07,USER-1989,2025-01,2025-07-30,599.0,Standard Renewal
TXN-1989-08,USER-1989,2025-01,2025-08-29,778.7,Tier Upgrade
TXN-1989-09,USER-1989,2025-01,2025-09-28,599.0,Standard Renewal
TXN-1990-01,USER-1990,2025-01,2025-01-31,299.0,Standard Renewal
TXN-1990-02,USER-1990,2025-01,2025-03-02,299.0,Standard Renewal
TXN-1990-03,USER-1990,2025-01,2025-04-01,299.0,Standard Renewal
TXN-1990-04,USER-1990,2025-01,2025-05-01,299.0,Standard Renewal
TXN-1990-05,USER-1990,2025-01,2025-05-31,299.0,Standard Renewal
TXN-1990-06,USER-1990,2025-01,2025-06-30,299.0,Standard Renewal
TXN-1990-07,USER-1990,2025-01,2025-07-30,299.0,Standard Renewal
TXN-1990-08,USER-1990,2025-01,2025-08-29,299.0,Standard Renewal
TXN-1990-09,USER-1990,2025-01,2025-09-28,299.0,Standard Renewal
TXN-1990-10,USER-1990,2025-01,2025-10-28,299.0,Standard Renewal
TXN-1990-11,USER-1990,2025-01,2025-11-27,299.0,Standard Renewal
TXN-1991-04,USER-1991,2025-05,2025-05-01,999.0,Standard Renewal
TXN-1991-05,USER-1991,2025-05,2025-05-31,999.0,Standard Renewal
TXN-1991-06,USER-1991,2025-05,2025-06-30,999.0,Standard Renewal
TXN-1991-07,USER-1991,2025-05,2025-07-30,999.0,Standard Renewal
TXN-1991-08,USER-1991,2025-05,2025-08-29,999.0,Standard Renewal
TXN-1991-09,USER-1991,2025-05,2025-09-28,999.0,Standard Renewal
TXN-1991-10,USER-1991,2025-05,2025-10-28,699.3,Contraction
TXN-1991-11,USER-1991,2025-05,2025-11-27,999.0,Standard Renewal
TXN-1992-01,USER-1992,2025-01,2025-01-31,599.0,Standard Renewal
TXN-1992-02,USER-1992,2025-01,2025-03-02,599.0,Standard Renewal
TXN-1992-03,USER-1992,2025-01,2025-04-01,599.0,Standard Renewal
TXN-1992-04,USER-1992,2025-01,2025-05-01,599.0,Standard Renewal
TXN-1993-03,USER-1993,2025-04,2025-04-01,999.0,Standard Renewal
TXN-1993-04,USER-1993,2025-04,2025-05-01,999.0,Standard Renewal
TXN-1993-05,USER-1993,2025-04,2025-05-31,999.0,Standard Renewal
TXN-1993-06,USER-1993,2025-04,2025-06-30,999.0,Standard Renewal
TXN-1993-07,USER-1993,2025-04,2025-07-30,999.0,Standard Renewal
TXN-1993-08,USER-1993,2025-04,2025-08-29,999.0,Standard Renewal
TXN-1993-09,USER-1993,2025-04,2025-09-28,999.0,Standard Renewal
TXN-1993-10,USER-1993,2025-04,2025-10-28,999.0,Standard Renewal
TXN-1993-11,USER-1993,2025-04,2025-11-27,999.0,Standard Renewal
TXN-1994-02,USER-1994,2025-03,2025-03-02,599.0,Standard Renewal
TXN-1994-03,USER-1994,2025-03,2025-04-01,778.7,Tier Upgrade
TXN-1995-07,USER-1995,2025-07,2025-07-30,999.0,Standard Renewal
TXN-1995-08,USER-1995,2025-07,2025-08-29,999.0,Standard Renewal
TXN-1995-09,USER-1995,2025-07,2025-09-28,999.0,Standard Renewal
TXN-1996-06,USER-1996,2025-06,2025-06-30,599.0,Standard Renewal
TXN-1996-07,USER-1996,2025-06,2025-07-30,599.0,Standard Renewal
TXN-1996-08,USER-1996,2025-06,2025-08-29,599.0,Standard Renewal
TXN-1996-09,USER-1996,2025-06,2025-09-28,599.0,Standard Renewal
TXN-1996-10,USER-1996,2025-06,2025-10-28,599.0,Standard Renewal
TXN-1996-11,USER-1996,2025-06,2025-11-27,599.0,Standard Renewal
TXN-1997-09,USER-1997,2025-09,2025-09-28,299.0,Standard Renewal
TXN-1997-10,USER-1997,2025-09,2025-10-28,299.0,Standard Renewal
TXN-1998-06,USER-1998,2025-06,2025-06-30,999.0,Standard Renewal
TXN-1998-07,USER-1998,2025-06,2025-07-30,999.0,Standard Renewal
TXN-1998-08,USER-1998,2025-06,2025-08-29,1298.7,Tier Upgrade
TXN-1998-09,USER-1998,2025-06,2025-09-28,999.0,Standard Renewal
TXN-1999-00,USER-1999,2025-01,2025-01-01,599.0,Standard Renewal
TXN-1999-01,USER-1999,2025-01,2025-01-31,599.0,Standard Renewal
TXN-1999-02,USER-1999,2025-01,2025-03-02,599.0,Standard Renewal
